present,infinitive,perfect,supine,conjugation
abaliēnō,abaliēnāre,abaliēnāvī,abaliēnātus,I
abdicō,abdicāre,abdicāvī,abdicātus,I
abdīcō,abdīcere,abdīxī,,III
abdō,abdere,abidī,abditus,III
abdūcō,abdūcere,abdūxī,abductus,III
abeō,īre,iī,,IV
abequitō,abequitāre,abequitāvī,,I
aberrō,aberrāre,aberrāvī,,I
abhorreō,abhorrēre,abhorruī,,II
abiciō,abicere,iēcī,iectus,III
abigō,abigere,ēgī,āctus,III
abiūdicō,abiūdicāre,abiūdicāvī,abiūdicātus,I
abiungō,abiungere,abiūnxī,abiūnctus,III
abiūrō,abiūrāre,abiūrāvī,abiūrātus,I
ablēgō,ablēgāre,ablēgāvī,ablēgātus,I
abligurriō,abligurrīre,abligurrīvī,,IV
abluō,abluere,abluī,ablūtus,III
abnegō,abnegāre,abnegāvī,abnegātus,I
abnuō,abnuere,abnuī,,III
aboleō,abolēre,abolēvī,abolitus,II
abolēscō,abolēscere,olēvī,,III
abōminor,abōminārī,abōminātus,,I
abrādō,abrādere,abrāsī,abrāsus,III
abripiō,abripere,abripuī,reptus,III
abrogō,abrogāre,abrogāvī,abrogātus,I
abrumpō,abrumpere,abrūpī,abruptus,III
abscēdō,abscēdere,abscessī,abscessus,III
abscīdō,abscīdere,abscīdī,cīsus,III
abscindō,abscindere,abscidī,abscissus,III
abscondō,abscondere,abscondī,absconditus,III
absistō,absistere,abstitī,,III
absorbeō,absorbēre,abbuī,abptus,II
abstergeō,abstergēre,abstersī,abstersus,II
absterreō,absterrēre,absruī,absritus,II
abstrahō,abstrahere,abstrāxī,abstractus,III
abstrūdō,abstrūdere,abstrūsī,abstrūsus,III
absūmō,absūmere,absūmpsī,absūmptus,III
abūtor,abūtī,abūsus,,III
accendō,accendere,accendī,cēnsus,III
acceptō,acceptāre,acceptāvī,acceptātus,I
accidō,accidere,accidī,,III
accīdō,accīdere,accīdī,cīsus,III
accingō,accingere,nxī,nctus,III
acciō,accīre,cīvī,cītus,IV
accipiō,accipere,cēpī,ceptus,III
acclāmō,acclāmāre,acclāmāvī,acclāmātus,I
acclārō,acclārāre,acclārāvī,,I
acclīnō,acclīnāre,acclīnāvī,acclīnātus,I
accolō,accolere,accoluī,,III
accommodō,accommodāre,accommodāvī,accommodātus,I
accrēdō,accrēdere,accrēdidī,,III
accrēscō,accrēscere,crēvī,crētus,III
accumbō,accumbere,cubuī,cubitum,III
accumulō,accumulāre,accumulāvī,accumulātus,I
accūrō,accūrāre,accūrāvī,accūrātus,I
accurrō,accurrcurrī,cursus,,III
accūsō,accūsāre,accūsāvī,accūsātus,I
acervō,acervāre,acervāvī,,I
āctitō,āctitāre,āctitāvī,,I
acuō,acuere,acuī,acuūtus,III
adaequō,adaequāre,adaequāvī,adaequātus,I
adamō,adamāre,adamāvī,adamātus,I
adaperiō,adaperīre,aderuī,adertus,IV
adaquor,adaquārī,,,I
adaugeō,adaugēre,adauxī,adauctus,II
adbibō,adbibere,adbibī,,III
addīcō,addīcere,addīxī,addictus,III
addiscō,addiscere,addidicī,,III
addō,addere,addidī,additus,III
addubitō,addubitāre,addubitāvī,addubitātus,I
addūcō,addūcere,addūxī,adductus,III
adequitō,adequitāre,adequitāvī,,I
adfectō,adfectāre,adfectāvī,adfectātus,I
adficiō,adficere,fēcī,fectus,III
adfīgō,adfīgere,adfīxī,adfīxus,III
adfingō,adfingere,adfinxī,adfictus,III
adfīrmō,adfīrmāre,adfīrmāvī,adfīrmātus,I
adflīctō,adflīctāre,adflīctāvī,adflīctātus,I
adflīgō,adflīgere,adīxī,adīctus,III
adflō,adflāre,adflāvī,,I
adfluō,adfluere,adfluxī,adfluxus,III
adfor,adfārī,adfātus,,I
adfundō,adfundere,adfūdī,adfūsus,III
adhaerēscō,adhaerēscere,adhaesī,adhaesus,III
adhibeō,adhibēre,adhibuī,adhibitus,II
adhinniō,adhinnīre,adhinnīvī,,IV
adhortor,adhortārī,adhortātus,,I
adiaceō,adiacēre,adcuī,,II
adigō,adigere,ēgī,āctus,III
adimō,adimere,ēmī,ēmptus,III
adipīscor,adipīscī,adeptus,,III
adiūdicō,adiūdicāre,adiūdicāvī,adiūdicātus,I
adiungō,adiungere,ūnxī,ūnctus,III
adiūrō,adiūrāre,adiūrāvī,,I
adiūtō,adiūtāre,adiūtāvī,,I
adlābor,adlābī,adapsus,,III
adlēgō,adlēgāre,adlēgāvī,adlēgātus,I
adlegō,adlegere,adēgī,adēctus,III
adlevō,adlevāre,adlevāvī,adlevātus,I
adliciō,adlicere,adlexī,adlectus,III
adlīdō,adlīdere,adlīsī,adlīsus,III
adligō,adligāre,adligāvī,adligātus,I
adloquor,adloquī,adcūtus,,III
adlūdō,adlūdere,adūsī,,III
adluō,adluere,adluī,,III
admētior,admētīrī,admēnsus,,IV
administrō,administrāre,administrāvī,administrātus,I
admīror,admīrārī,admīrātus,,I
admittō,admittere,admīsī,admissus,III
admōlior,admōlīrī,adītus,,IV
admoneō,admonēre,adnuī,adnitus,II
admūgiō,admūgīre,,,IV
admurmurō,admurmurāre,admurmurāvī,admurmurātus,I
adnectō,adnectere,adnexuī,adnexus,III
adnō,adnāre,adnāvī,,I
adnotō,adnotāre,adavī,,I
adnumerō,adnumerāre,adnumerāvī,adnumerātus,I
adoleō,adolēre,adoluī,,II
adolēscō,adolēscere,adolēvī,adultus,III
adoperiō,adoperīre,aderuī,adertus,IV
adoptō,adoptāre,adoptāvī,adoptātus,I
adorior,adorīrī,adortus,,IV
adōrnō,adōrnāre,adōrnāvī,adōrnātus,I
adōrō,adōrāre,adōrāvī,adōrātus,I
adquiēscō,adquiēscere,adquiēscēvī,,III
adquīrō,adquīrere,quīsīvī,quīsītus,III
adrēpō,adrēpere,adrēpsī,,III
adrīdeō,adrīdēre,adrīsī,adrīsus,II
adrigō,adrigere,adēxī,adēctus,III
adripiō,adripere,adipuī,adeptus,III
adrōdō,adrōdere,adrōsī,adrōsus,III
adrogō,adrogāre,adrogāvī,adrogātus,I
adsector,adsectārī,adsectātus,,I
adsentiō,adsentīre,adsēnsī,adsēnsus,IV
adsentior,adsentīrī,adsēnsus,,IV
adsentor,adsentārī,adsentātus,,I
adsequor,adsequī,adsecūtus,,III
adserō,adserere,adseruī,adsertus,III
adserviō,adservīre,,,IV
adservō,adservāre,adservāvī,adservātus,I
adsevērō,adsevērāre,adsevērāvī,adsevērātus,I
adsideō,adsidēre,ēdī,,II
adsīdō,adsīdere,adēdī,,III
adsīgnō,adsīgnāre,adsīgnāvī,adsīgnātus,I
adsiliō,adsilīre,,,IV
adsimulō,adsimulāre,adsimulāvī,adsimulātus,I
adsistō,adsistere,adastitī,,III
adsuēfaciō,adsuēfacere,fēcī,adsuēfactus,III
adsuēscō,adsuēscere,adsuēscēvī,adsuēscētus,III
adsultō,adsultāre,adsultāvī,adsultātus,I
adsūmō,adsūmere,adsūmpsī,adsūmptus,III
adsurgō,adsurgere,adsurrēxī,adsurrēctus,III
adūlor,adūlārī,adūlātus,,I
adulterō,adulterāre,adulterāvī,adulterātus,I
adumbrō,adumbrāre,adumbrāvī,adumbrātus,I
adūrō,adūrere,adūssī,adūstus,III
advehō,advehere,advēxī,advectus,III
adveniō,advenīre,advēnī,adventus,IV
adversor,adversārī,sātus,,I
advertō,advertere,advertī,adversus,III
advigilō,advigilāre,advigilāvī,,I
advocō,advocāre,advocāvī,advocātus,I
advolō,advolāre,advolāvī,advolātus,I
advolvō,advolvere,advolvī,advolūtus,III
aedificō,aedificāre,aedificāvī,aedificātus,I
aegrōtō,aegrōtāre,aegrōtāvī,,I
aemulor,aemulārī,aemulātus,,I
aequiperō,aequiperāre,aequiperāvī,aequiperātus,I
aequō,aequāre,aequāvī,aequātus,I
aestimō,aestimāre,aestimāvī,aestimātus,I
aestuō,aestuāre,aestuāvī,aestuātus,I
aggerō,aggerere,gessī,gestus,III
aggerō,aggerāre,aggerāvī,,I
aggredior,aggredī,gressus,,III
aggregō,aggregāre,aggregāvī,aggregātus,I
agitō,agitāre,agitāvī,agitātus,I
āgnōscō,āgnōscere,nōvī,nitus,III
algeō,algēre,alsī,,II
algēscō,algēscere,alsī,,III
aliēnō,aliēnāre,aliēnāvī,aliēnātus,I
alō,alere,aluī,altus,III
altercō,altercāre,altercāvī,,I
altercor,altercārī,altercātus,,I
alternō,alternāre,alternāvī,,I
āmandō,āmandāre,āmandāvī,āmandātus,I
ambulō,ambulāre,ambulāvī,ambulātus,I
ambūrō,ambūrere,ambūssī,ambūstus,III
amiciō,amicīre,,amictus,IV
amō,amāre,amāvī,amātus,I
āmōlior,āmōlīrī,ītus,,IV
āmoveō,āmovēre,āōvī,āōtus,II
amplector,amplectī,exus,,III
amplexor,amplexārī,amplexātus,,I
amplificō,amplificāre,amplificāvī,amplificātus,I
ampliō,amplāre,amplāvī,amplātus,I
ampullor,ampullārī,,,I
amputō,amputāre,amputāvī,amputātus,I
anhēlō,anhēlāre,anhēlāvī,anhēlātus,I
animō,animāre,animāvī,animātus,I
animō,animāre,animāvī,animātus,I
anquīrō,anquīrere,sīvī,sītus,III
antecapiō,antecapere,antecēpī,anteceptus,III
antecēdō,antecēdere,anteessī,,III
anteeō,īre,īvī,,IV
antegredior,antegredī,essus,,III
antepōnō,antepōnere,anteposuī,antepositus,III
antestor,antestārī,antestātus,,I
anteveniō,antevenīre,antevēnī,anteventus,IV
antevertō,antevertere,antevertī,,III
anticipō,anticipāre,anticipāvī,anticipātus,I
antīquō,antīquāre,antīquāvī,antīquātus,I
antistō,antistāre,antistetī,,I
aperiō,aperīre,aperuī,apertus,IV
apīscor,apīscī,aptus,,III
appāreō,appārēre,appāruī,,II
apparō,apparāre,apparāvī,apparātus,I
appellō,appellere,pulī,pulsus,III
appendō,appendere,appendī,appensus,III
appetō,appetere,appetīvī,ītus,III
applaudō,applaudere,applausī,applausus,III
applicō,applicāre,applicāvī,applicātus,I
applōrō,applōrāre,applōrāvī,,I
appōnō,appōnere,posuī,positus,III
apportō,apportāre,apportāvī,apportātus,I
apprecor,apprecārī,apprecātus,,I
apprehendō,apprehendere,apprehendī,apprehensus,III
apprimō,apprimere,pressī,pressus,III
approbō,approbāre,approbāvī,approbātus,I
approperō,approperāre,approperāvī,approperātus,I
appropinquō,appropinquāre,appropinquāvī,appropinquātus,I
appūgnō,appūgnāre,avī,,I
aprīcor,aprīcārī,,,I
aptō,aptāre,aptāvī,aptātus,I
aquor,aquārī,aquātus,,I
arbitrō,arbitrāre,arbitrāvī,,I
arbitror,arbitrārī,arbitrātus,,I
arceō,arcēre,cuī,,II
arcessō,arcessere,arcessīvī,ītus,III
architector,architectārī,architectātus,,I
ārdeō,ārdēre,ārsī,ārsus,II
ārdēscō,ārdēscere,ārsī,,III
āreō,ārēre,āruī,,II
argūmentor,argūmentārī,argūmentātus,,I
arguō,arguere,arguī,arguūtus,III
armō,armāre,armāvī,armātus,I
arō,arāre,arāvī,arātus,I
artō,artāre,artāvī,artātus,I
ascendō,ascendere,ascendī,scēnsus,III
asciō,ascīre,,,IV
ascīscō,ascīscere,ascīscīvī,ascīscītus,III
ascrībō,ascrībere,īpsī,īptus,III
aspectō,aspectāre,aspectāvī,aspectātus,I
aspergō,aspergere,ersī,ersus,III
āspernor,āspernārī,āspernātus,,I
asperō,asperāre,asperāvī,asperātus,I
aspiciō,aspicere,ēxī,ectus,III
aspīrō,aspīrāre,aspīrāvī,aspīrātus,I
astipulor,astipulārī,astipulātus,,I
astituō,astituere,astituī,astituūtus,III
astō,astāre,aitī,,I
astringō,astringere,inxī,ictus,III
astruō,astruere,ūxī,ūctus,III
attendō,attendere,attendī,tentus,III
attenuō,attenuāre,attenuāvī,attenuātus,I
attestor,attestārī,,,I
attineō,attinēre,attinuī,,II
attingō,attingere,tigī,tāctus,III
attondeō,attondēre,attondī,tōnsus,II
attonō,attonāre,attonuī,attonitus,I
attrahō,attrahere,trāxī,trāctus,III
attrectō,attrectāre,attrectāvī,attrectātus,I
attribuō,attribuere,attribuī,attribuūtus,III
auctiōnor,auctiōnārī,auctiōnātus,,I
aucupor,aucupārī,aucupātus,,I
audiō,audīre,audīvī,ītus,IV
aufugiō,aufugere,aufūgī,,III
augurō,augurāre,augurāvī,augurātus,I
auguror,augurārī,augurātus,,I
auscultō,auscultāre,auscultāvī,auscultātus,I
auspicor,auspicārī,auspicātus,,I
autumō,autumāre,autumāvī,,I
auxilior,auxilārī,auxilātus,,I
avehō,avehere,vexī,vectus,III
āversor,āversārī,āversātus,,I
āvertō,āvertere,āvertī,āversus,III
āvocō,āvocāre,āvocāvī,āvocātus,I
āvolō,āvolāre,āvolāvī,,I
bacchor,bacchārī,bacchātus,,I
bālō,bālāre,bālāvī,,I
bāsiō,bāsāre,bāsāvī,atus,I
bellō,bellāre,bellāvī,bellātum,I
bellor,bellārī,,,I
beō,bāre,bāvī,bātus,I
bibō,bibere,bibī,,III
blandior,blandīrī,ītus,,IV
cacō,cacāre,cacāvī,cacātus,I
cadō,cadere,cecidī,,III
caecō,caecāre,caecāvī,caecātus,I
caedō,caedere,cecīdī,caesus,III
calcō,calcāre,calcāvī,calcātus,I
calefaciō,calefacere,fēcī,calefactus,III
caleō,calēre,caluī,,II
calēscō,calēscere,calēscuī,,III
calumnior,calumnārī,calumnātus,,I
candeō,candēre,canduī,,II
cāneō,cānēre,cānuī,,II
canō,canere,cecinī,,III
cantō,cantāre,cantāvī,cantātus,I
capessō,capessere,capessīvī,,III
captō,captāre,captāvī,captātus,I
carpō,carpere,psī,ptus,III
castīgō,castīgāre,castīgāvī,castīgātus,I
castrō,castrāre,castrāvī,castrātus,I
caupōnor,caupōnārī,,,I
causor,causārī,causātus,,I
cavillor,cavillārī,cavillātus,,I
cavō,cavāre,cavāvī,cavātus,I
cēdō,cēdere,cessī,cessus,III
celebrō,celebrāre,celebrāvī,celebrātus,I
cēlō,cēlāre,cēlāvī,cēlātus,I
cēnō,cēnāre,cēnāvī,cēnātus,I
cēnseō,cēnsēre,cēnsuī,cēnsus,II
centuriō,centurāre,centurāvī,centurātus,I
cernō,cernere,crēvī,certus,III
certō,certāre,certāvī,certātus,I
cessō,cessāre,cessāvī,cessātus,I
cieō,ciēre,cīvī,citus,II
cingō,cingere,cinxī,īnctus,III
circulor,circulārī,circulātus,,I
circumagō,circumagere,circumēgī,circumāctus,III
circumarō,circumarāre,circumarāvī,,I
circumcīdō,circumcīdere,circumcīdī,cīsus,III
circumclūdō,circumclūdere,circumclūsī,circumclūsus,III
circumdūcō,circumdūcere,circumdūxī,circumctus,III
circumeo,circumeīre,circumeīvī,circumcircumitus,IV
circumflectō,circumflectere,circumflexī,circumflexus,III
circumfluō,circumfluere,circumfluxī,,III
circumfundō,circumfundere,circumfūdī,circumfūsus,III
circumgredior,circumgredī,circumgressus,,III
circumiciō,circumicere,iēcī,iectus,III
circumligō,circumligāre,circumligāvī,circumligātus,I
circummittō,circummittere,circummīsī,circummissus,III
circummūniō,circummūnīre,circummūnīvī,circumītus,IV
circumplector,circumplectī,,,III
circumplicō,circumplicāre,circumplicāvī,circumplicātus,I
circumpōnō,circumpōnere,circumposuī,,III
circumscrībō,circumscrībere,circumīpsī,circumīptus,III
circumsedeō,circumsedēre,circumsēdī,circumsessus,II
circumsiliō,circumsilīre,,,IV
circumsistō,circumsistere,circumstetī,,III
circumspectō,circumspectāre,circumspectāvī,circumspectātus,I
circumstō,circumstāre,circumstetī,,I
circumtonō,circumtonāre,circumtonuī,,I
circumvādō,circumvādere,circumvāsī,,III
circumvāllō,circumvāllāre,circumvāllāvī,circumvāllātus,I
circumvector,circumvectārī,,,I
circumvehor,circumvehī,circumvectus,,III
circumveniō,circumvenīre,circumvēnī,circumventus,IV
circumvestiō,circumvestīre,,,IV
circumvolitō,circumvolitāre,circumvolitāvī,,I
circumvolō,circumvolāre,circumvolāvī,circumvolātus,I
citō,citāre,citāvī,citātus,I
clāmitō,clāmitāre,clāmitāvī,clāmitātus,I
clāmō,clāmāre,clāmāvī,clāmātus,I
claudō,claudere,clausī,clausus,III
clepō,clepere,psī,,III
coacervō,coacervāre,coacervāvī,coacervātus,I
coacēscō,coacēscere,acuī,,III
coaequō,coaequāre,coaequāvī,coaequātus,I
coāgmentō,coāgmentāre,coāgmentāvī,coāgmentātus,I
coalēscō,coalēscere,aluī,alitus,III
coarguō,coarguere,coarguī,,III
coartō,coartāre,coartāvī,coartātus,I
coëmō,coëmere,ēmī,ēmptus,III
coëō,coëīre,coëīvī,coëitus,IV
coërceō,coërcēre,cuī,citus,II
cōgitō,cōgitāre,cōgitāvī,cōgitātus,I
cōgō,cōgere,coēgī,coāctus,III
cohaereō,cohaerēre,haesī,haesus,II
cohonestō,cohonestāre,cohonestāvī,cohonestātus,I
cohorrēscō,cohorrēscēre,cohorruī,,II
cohortor,cohortārī,cohortātus,,I
colō,colere,coluī,cultus,III
colōrō,colōrāre,colōrāvī,colōrātus,I
combibō,combibere,combibī,,III
combūrō,combūrere,ūssī,ūstus,III
cōmissor,cōmissārī,cōmissātus,,I
comitō,comitāre,comitāvī,comitātus,I
comitor,comitārī,comitātus,,I
commaculō,commaculāre,commaculāvī,commaculātus,I
commemorō,commemorāre,commemorāvī,commemorātus,I
commendō,commendāre,commendāvī,commendātus,I
commentor,commentārī,commentātus,,I
commeō,commāre,commāvī,commātus,I
commercor,commercārī,commercātus,,I
commereō,commerēre,commeruī,commeritus,II
commereor,commerērī,commeritus,,III
commētior,commētīrī,commēnsus,,IV
commigrō,commigrāre,commigrāvī,commigrātus,I
comminīscor,comminīscī,commentus,,III
comminor,comminārī,comminātus,,I
comminuō,comminuere,comminuī,comminuūtus,III
commiseror,commiserārī,commiserātus,,I
committō,committere,commīsī,commissus,III
commodō,commodāre,commodāvī,commodātus,I
commōlior,commōlīrī,comītus,,IV
commoneō,commonēre,commonuī,commonitus,II
commōnstrō,commōnstrāre,commōnstrāvī,commōnstrātus,I
commoror,commorārī,commorātus,,I
commūnicō,commūnicāre,commūnicāvī,commūnicātus,I
commurmuror,commurmurārī,commurmurātus,,I
commūtō,commūtāre,commūtāvī,commūtātus,I
compāreō,compārēre,compāruī,,II
comparō,comparāre,comparāvī,comparātus,I
comparō,comparāre,comparāvī,comparātum,I
compellō,compellere,compulī,compulsus,III
compellō,compellāre,compellāvī,compellātus,I
compēnsō,compēnsāre,compēnsāvī,compēnsātus,I
compercō,compercere,persī,,III
comperendinō,comperendināre,comperendināvī,comperendinātus,I
comperiō,comperperī,compertus,,III
comperior,comperīrī,compertus,,IV
compescō,compescere,compescuī,,III
compīlō,compīlāre,compīlāvī,compīlātus,I
compingō,compingere,pēgī,pāctus,III
complector,complectī,plexus,,III
complicō,complicāre,complicāvī,complicātus,I
complōrō,complōrāre,complōrāvī,complōrātus,I
comportō,comportāre,comportāvī,comportātus,I
comprecor,comprecārī,comprecātus,,I
comprehendō,comprehendere,comprehendī,comprehensus,III
comprimō,comprimere,compressī,compressus,III
comprobō,comprobāre,comprobāvī,comprobātus,I
comprōmittō,comprōmittere,commīsī,commissus,III
compungō,compungere,comnxī,comnctus,III
computō,computāre,computāvī,computātus,I
concacō,concacāre,concacāvī,concacātus,I
concalefaciō,concalefacere,confēcī,confactus,III
concalēscō,concalēscere,conluī,,III
concallēscō,concallēscere,concalluī,,III
concēdō,concēdere,concessī,concessus,III
concelebrō,concelebrāre,concelebrāvī,concelebrātus,I
concerpō,concerpere,psī,,III
concertō,concertāre,concertāvī,concertātus,I
concidō,concidere,concidī,,III
concīdō,concīdere,concīdī,cīsus,III
conciliō,concilāre,concilāvī,concilātus,I
concinnō,concinnāre,concinnāvī,concinnātus,I
concinō,concinere,concinuī,,III
conciō,concīre,cīvī,citus,IV
concipiō,concipere,cēpī,ceptus,III
concitō,concitāre,concitāvī,concitātus,I
conclāmō,conclāmāre,conclāmāvī,conclāmātus,I
conclūdō,conclūdere,conclūsī,conclūsus,III
concoquō,concoquere,concoxī,concoctus,III
concordō,concordāre,concordāvī,concordātus,I
concrēdō,concrēdere,condidī,conditus,III
concremō,concremāre,concremāvī,concremātus,I
concrepō,concrepāre,conpuī,conpitus,I
conculcō,conculcāre,conculcāvī,conculcātus,I
concumbō,concumbere,cubuī,cubitus,III
concurrō,concurrcurrī,concursus,,III
concutiō,concutere,cussī,cussus,III
condīcō,condīcere,condīxī,condictus,III
condiō,condīre,condīvī,ītus,IV
condiscō,condiscere,condidicī,,III
condō,condere,didī,ditus,III
condocefaciō,condocefacere,fēcī,condocefactus,III
condolēscō,condolēscēre,luī,,II
condōnō,condōnāre,condōnāvī,condōnātus,I
condormiō,condormīre,,,IV
condūcō,condūcere,condūxī,conductus,III
conduplicō,conduplicāre,conduplicāvī,,I
cōnfābulor,cōnfābulārī,cōnfābulātus,,I
cōnfervēscō,cōnfervēscere,ferbuī,,III
cōnficiō,cōnficere,fēcī,fectus,III
cōnfīdō,cōnfīdere,,cōnfīsus,III
cōnfīgō,cōnfīgere,cōnfīxī,cōnfīxus,III
cōnfingō,cōnfingere,cōnfinxī,cōnfictus,III
cōnfīrmō,cōnfīrmāre,cōnfīrmāvī,cōnfīrmātus,I
cōnfiteor,cōnfitērī,fessus,,III
cōnflagrō,cōnflagrāre,cōnflagrāvī,cōnflagrātus,I
cōnflīctō,cōnflīctāre,cōnflīctāvī,cōnflīctātus,I
cōnflīctor,cōnflīctārī,cōnflīctātus,,I
cōnflīgō,cōnflīgere,cōnflīxī,cōnflīctus,III
cōnflō,cōnflāre,cōnflāvī,cōnflātus,I
cōnfluō,cōnfluere,cōnfluxī,,III
cōnfōrmō,cōnfōrmāre,cōnfōrmāvī,cōnfōrmātus,I
cōnfremō,cōnfremere,cōnfremuī,,III
cōnfricō,cōnfricāre,cōnfricāvī,cōnfricātus,I
cōnfringō,cōnfringere,frēgī,frāctus,III
cōnfugiō,cōnfugere,cōnfūgī,,III
cōnfundō,cōnfundere,cōnfūdī,cōnfūsus,III
cōnfūtō,cōnfūtāre,cōnfūtāvī,cōnfūtātus,I
congēlō,congēlāre,congēlāvī,congēlātus,I
congeminō,congemināre,congemināvī,congeminātus,I
congemō,congemere,congemuī,,III
congerō,congerere,congessī,congestus,III
conglobō,conglobāre,conglobāvī,conglobātus,I
conglūtinō,conglūtināre,conglūtināvī,conglūtinātus,I
congrātulor,congrātulārī,congrātulātus,,I
congredior,congredī,gressus,,III
congruō,congruere,congruī,,III
coniectō,coniectāre,coniectāvī,coniectātus,I
coniugō,coniugāre,coniugāvī,coniugātus,I
coniungō,coniungere,coniūnxī,coniūnctus,III
coniūrō,coniūrāre,coniūrāvī,coniūrātus,I
conlābor,conlābī,conlapsus,,III
conlacrimō,conlacrimāre,conlacrimāvī,,I
conlaudō,conlaudāre,conlaudāvī,conlaudātus,I
conlīdō,conlīdere,līsī,līsus,III
conligō,conligere,lēgī,lēctus,III
conligō,conligāre,conligāvī,conligātus,I
conlīneō,conlīnāre,conlīnāvī,conlīnātus,I
conlocō,conlocāre,conlocāvī,conlocātus,I
conlocuplētō,conlocuplētāre,conlocuplētāvī,,I
conloquor,conloquī,concūtus,,III
conlūdō,conlūdere,conlūsī,,III
conluō,conluere,conluī,,III
conlūstrō,conlūstrāre,conlūstrāvī,conlūstrātus,I
cōnor,cōnārī,cōnātus,,I
conqueror,conquerī,conquestus,,III
cōnsalūtō,cōnsalūtāre,cōnsalūtāvī,cōnsalūtātus,I
cōnsānēscō,cōnsānēscere,cōnnuī,,III
cōnscelerō,cōnscelerāre,cōnscelerāvī,cōnscelerātus,I
cōnscendō,cōnscendere,cōnscendī,ēnsus,III
cōnscindō,cōnscindere,cōnidī,cōnissus,III
cōnsciō,cōnscīre,,,IV
cōnscrībō,cōnscrībere,cōnīpsī,cōnīptus,III
cōnsecō,cōnsecāre,cōncuī,cōnctus,I
cōnsecrō,cōnsecrāre,cōnsecrāvī,cōnsecrātus,I
cōnsector,cōnsectārī,cōnsectātus,,I
cōnsenēscō,cōnsenēscere,cōnnuī,,III
cōnsentiō,cōnsentīre,cōnsēnsī,cōnsēnsus,IV
cōnserō,cōnserere,cōnsēvī,cōnsitus,III
cōnserō,cōnserere,cōnseruī,cōnsertum,III
cōnservō,cōnservāre,cōnservāvī,cōnservātus,I
cōnsīderō,cōnsīderāre,cōnsīderāvī,cōnsīderātus,I
cōnsīgnō,cōnsīgnāre,cōnsīgnāvī,cōnsīgnātus,I
consilior,consilārī,consilātus,,I
cōnsistō,cōnsistere,cōnstitī,cōnstitus,III
cōnsociō,cōnsocāre,cōnsocāvī,cōnsocātus,I
cōnsōlor,cōnsōlārī,cōnsōlātus,,I
cōnsonō,cōnsonāre,cōnsonuī,,I
cōnsōpiō,cōnsōpīre,,cōnītus,IV
cōnspiciō,cōnspicere,spēxī,spectus,III
cōnspicor,cōnspicārī,cōnspicātus,,I
cōnspīrō,cōnspīrāre,cōnspīrāvī,cōnspīrātus,I
cōnstabiliō,cōnstabilīre,cōnstabilīvī,,IV
cōnsternō,cōnsternere,cōnstrāvī,cōnstrātus,III
cōnsternō,cōnsternāre,cōnsternāvī,cōnsternātus,I
cōnstīpō,cōnstīpāre,cōnstīpāvī,cōnstīpātus,I
cōnstituō,cōnstituere,cōnstituī,cōnstituūtus,III
cōnstō,cōnstāre,cōnstitī,,I
cōnstringō,cōnstringere,cōnstrinxī,cōnstrictus,III
cōnstruō,cōnstruere,cōnstrūxī,cōnstrūctus,III
cōnstūprō,cōnstūprāre,cōnstūprāvī,cōnstūprātus,I
cōnsuēfaciō,cōnsuēfacere,fēcī,cōnsuēfactus,III
cōnsulō,cōnsulere,luī,ltum,III
cōnsultō,cōnsultāre,cōnsultāvī,cōnsultātus,I
cōnsummō,cōnsummāre,cōnsummāvī,cōnsummātus,I
cōnsurgō,cōnsurgere,cōnsurrēxī,cōnsurrēctus,III
contābēscō,contābēscere,contābuī,,III
contabulō,contabulāre,contabulāvī,contabulātus,I
contāminō,contāmināre,contāmināvī,contāminātus,I
contegō,contegere,contēxī,contēctus,III
contemerō,contemerāre,contemerāvī,,I
contemplor,contemplārī,contemplātus,,I
contendō,contendere,contendī,contentus,III
conterō,conterere,contrīvī,contrītus,III
conterreō,conterrēre,conterruī,conterritus,II
contestor,contestārī,contestātus,,I
contexō,contexere,conxuī,conxtus,III
conticēscō,conticēscere,ticuī,,III
contineō,continēre,continuī,tentus,II
contingō,contingere,tigī,tāctus,III
continuō,continuāre,continuāvī,continuātus,I
cōntiōnor,cōntiōnārī,cōntiōnātus,,I
contorqueō,contorquēre,contorsī,contortus,II
contrādīcō,contrādīcere,contrādīxī,contrādictus,III
contrahō,contrahere,contrāxī,contrāctus,III
contrectō,contrectāre,contrectāvī,contrectātus,I
contremīscō,contremīscere,conmuī,,III
contribuō,contribuere,contribuī,contribūtus,III
contrīstō,contrīstāre,contrīstāvī,contrīstātus,I
contrūdō,contrūdere,contrūsī,contrūsus,III
contueor,contuērī,conuitus,,III
contundō,contundere,contudī,contūsus,III
conturbō,conturbāre,conturbāvī,conturbātus,I
convalēscō,convalēscere,conluī,,III
convāsō,convāsāre,convāsāvī,,I
convehō,convehere,convexī,convectus,III
conveniō,convenīre,convēnī,conventus,IV
converberō,converberāre,converberāvī,converberātus,I
converrō,converrī,,,III
conversor,conversārī,conversātus,,I
convertō,convertere,convertī,conversus,III
convestiō,convestīre,convestīvī,conītus,IV
convīcior,convīcārī,convīcātus,,I
convincō,convincere,convīcī,convīctus,III
convīvor,convīvārī,convīvātus,,I
convocō,convocāre,convocāvī,convocātus,I
convolnerō,convolnerāre,convolnerāvī,convolnerātum,I
convolō,convolāre,convolāvī,convolātus,I
convolvō,convolvere,convolvī,convolūtus,III
cooperiō,cooperīre,ruī,rtus,IV
cooptō,cooptāre,cooptāvī,cooptātus,I
coorior,coorīrī,coortus,,IV
cōpulō,cōpulāre,cōpulāvī,cōpulātus,I
coquō,coquere,coxī,coctus,III
corōnō,corōnāre,corōnāvī,corōnātus,I
corrādō,corrādere,corrāsī,corrāsus,III
corrēpō,corrēpere,psī,,III
corrigō,corrigere,rēxī,rēctus,III
corripiō,corripere,corripuī,reptus,III
corrōborō,corrōborāre,corrōborāvī,corrōborātus,I
corrōdō,corrōdere,corrōsī,corrōsus,III
corrogō,corrogāre,corrogāvī,corrogātus,I
corrumpō,corrumpere,rūpī,ruptus,III
corruō,corruere,corruī,,III
crēbrēscō,crēbrēscere,bruī,,III
crēdō,crēdere,didī,ditus,III
cremō,cremāre,cremāvī,cremātus,I
crepō,crepāre,crepuī,crepitus,I
crēscō,crēscere,crēvī,crētus,III
crīminor,crīminārī,crīminātus,,I
crīsō,crīsāre,crīsāvī,,I
cruciō,crucāre,crucāvī,crucātus,I
crūdēscō,crūdēscere,duī,,III
cruentō,cruentāre,cruentāvī,cruentātus,I
cubitō,cubitāre,cubitāvī,,I
culpō,culpāre,culpāvī,culpātus,I
cumulō,cumulāre,cumulāvī,cumulātus,I
cunctor,cunctārī,cunctātus,,I
cupiō,cupere,cupīvī,ītus,III
currō,currcucurrī,cursus,,III
curtō,curtāre,curtāvī,curtātus,I
curvō,curvāre,curvāvī,curvātus,I
custōdiō,custōdīre,custōdīvī,ītus,IV
damnō,damnāre,damnāvī,damnātus,I
dēbacchor,dēbacchārī,dēbacchātus,,I
dēbellō,dēbellāre,dēbellāvī,dēbellātus,I
dēbeo,dēbeēre,dēbeuī,dēbeitus,II
dēcantō,dēcantāre,dēcantāvī,dēcantātus,I
dēcerpō,dēcerpere,psī,ptus,III
dēcidō,dēcidere,dēcidī,,III
dēcīdō,dēcīdere,dēcīdī,cīsus,III
dēcipiō,dēcipere,cēpī,ceptus,III
dēclāmitō,dēclāmitāre,dēclāmitāvī,dēclāmitātus,I
dēclāmō,dēclāmāre,dēclāmāvī,dēclāmātus,I
dēclārō,dēclārāre,dēclārāvī,dēclārātus,I
dēclīnō,dēclīnāre,dēclīnāvī,dēclīnātus,I
dēcolōrō,dēcolōrāre,dēcolōrāvī,,I
dēcoquō,dēcoquere,dēcoxī,dēcoctus,III
decorō,decorāre,decorāvī,decorātus,I
dēcumbō,dēcumbere,cubuī,,III
decuriō,decurāre,decurāvī,decurātus,I
dēcurrō,dēcurrcucurrī,dēcursus,,III
decussō,decussāre,decussāvī,decussātus,I
dēcūtiō,dēcūtere,cussī,cussus,III
dēdecorō,dēdecorāre,dēdecorāvī,dēdecorātus,I
dēdicō,dēdicāre,dēdicāvī,dēdicātus,I
dēdīgnor,dēdīgnārī,dēdīgnātus,,I
dēdiscō,dēdiscere,dēdidicī,,III
dēdō,dēdere,dēdidī,dēditus,III
dedoleō,dedolēre,dedoluī,,II
dēdūcō,dēdūcere,dēdūxī,dēductus,III
deerrō,deerrāre,deerrāvī,,I
dēfatīgō,dēfatīgāre,dēfatīgāvī,dēfatīgātus,I
dēfendō,dēfendere,dēfendī,dēfensus,III
dēfēnsitō,dēfēnsitāre,dēfēnsitāvī,,I
dēfēnsō,dēfēnsāre,dēfēnsāvī,dēfēnsātus,I
dēfervēscō,dēfervēscere,dēfervīandferbuī,,III
dēfetīscor,dēfetīscī,dēfessus,,III
dēficiō,dēficere,fēcī,fectus,III
dēfīgō,dēfīgere,dēfīxī,dēfīxus,III
dēfingō,dēfingere,dēnxī,,III
dēfīniō,dēfīnīre,dēfīnīvī,dēītus,IV
dēflagrō,dēflagrāre,dēflagrāvī,dēflagrātus,I
dēflectō,dēflectere,dēflēxī,dēflexus,III
dēfleō,dēflēre,dēflēvī,dēflētus,II
dēflōrēscō,dēflōrēscere,dēruī,,III
dēfluō,dēfluere,dēfluxī,dēfluxus,III
dēfodiō,dēfodere,dēfōdī,dēfossus,III
dēfōrmō,dēfōrmāre,dēfōrmāvī,dēfōrmātus,I
dēfōrmō,dēfōrmāre,dēfōrmāvī,dēfōrmātus,I
dēfraudō,dēfraudāre,dēfraudāvī,dēfraudātus,I
dēfricō,dēfricāre,dēcuī,dēcātus,I
dēfringō,dēfringere,frēgī,frāctus,III
dēfugiō,dēfugere,dēfūgī,,III
dēfundō,dēfundere,fūdī,fūsus,III
dēfungor,dēfungī,dēfūnctus,,III
dēgenerō,dēgenerāre,dēgenerāvī,dēgenerātus,I
dēgō,dēgere,dēgī,,III
dēgredior,dēgredī,gressus,,III
dēgrunniō,dēgrunnīre,,,IV
dēgustō,dēgustāre,dēgustāvī,dēgustātus,I
dehortor,dehortārī,dehortātus,,I
dēiciō,dēicere,iēcī,iectus,III
dēlābor,dēlābī,dēlapsus,,III
dēlāmentor,dēlāmentārī,,,I
dēlectō,dēlectāre,dēlectāvī,dēlectātus,I
dēlēgō,dēlēgāre,dēlēgāvī,dēlēgātus,I
dēlēniō,dēlēnīre,dēlēnīvī,dēītus,IV
dēlīberō,dēlīberāre,dēlīberāvī,dēlīberātum,I
dēlībō,dēlībāre,dēlībāvī,dēlībātus,I
dēligō,dēligere,lēgī,lēctus,III
dēligō,dēligāre,dēligāvī,dēligātus,I
dēlinquō,dēlinquere,dēlīquī,dēlictus,III
deliquēscō,deliquēscere,delicuī,,III
dēlitīscō,dēlitīscere,tuī,,III
dēlūdō,dēlūdere,dēlūsī,dēlūsus,III
demadēscō,demadēscere,demaduī,,III
dēmandō,dēmandāre,dēmandāvī,dēmandātus,I
dēmereō,dēmerēre,dēmeruī,,II
dēmereor,dēmerērī,dēmeritus,,III
dēmergō,dēmergere,dēmersī,dēmersus,III
dēmetō,dēmetere,dēmessuī,dēmessus,III
dēmigrō,dēmigrāre,dēmigrāvī,dēmigrātus,I
dēminuō,dēminuere,dēminuī,dēminuūtus,III
dēmīror,dēmīrārī,,,I
demittō,demittere,demīsī,demissus,III
dēmō,dēmere,dēmpsī,dēmptus,III
dēmōlior,dēmōlīrī,dēītus,,IV
dēmōnstrō,dēmōnstrāre,dēmōnstrāvī,dēmōnstrātus,I
dēmoror,dēmorārī,dēmorātus,,I
dēmoveō,dēmovēre,dēmōvī,dēmōtus,II
dēmūneror,dēmūnerārī,,,I
dēmūtō,dēmūtāre,dēmūtāvī,dēmūtātus,I
dēnegō,dēnegāre,dēnegāvī,dēnegātus,I
dēnōminō,dēnōmināre,dēnōmināvī,dēnōminātus,I
dēnotō,dēnotāre,dēnotāvī,dēnotātus,I
dēnūbō,dēnūbere,dēūpsī,dēūptus,III
dēnūdō,dēnūdāre,dēnūdāvī,dēnūdātus,I
dēnūntiō,dēnūntāre,dēnūntāvī,dēnūntātus,I
deonerō,deonerāre,deonerāvī,deonerātus,I
dēpāscō,dēpāscere,dēpāvī,dēpāstus,III
dēpāscor,dēpāscī,dēpāstus,,III
dēpecūlor,dēpecūlārī,dēpecūlātus,,I
dēpellō,dēpellere,dēpulī,dēpulsus,III
dēpendō,dēpendere,dēpendī,,III
dēperdō,dēperdere,dēdidī,dēditus,III
dēpereō,dēperīre,dēperiī,,IV
dēplangō,dēplangere,dēnxī,,III
deplōrō,deplōrāre,deplōrāvī,deplōrātus,I
dēpluō,dēpluere,dēpluī,,III
dēpopulor,dēpopulārī,dēpopulātus,,I
dēportō,dēportāre,dēportāvī,dēportātus,I
dēpōscō,dēpōscere,dēpopōscī,,III
dēprecor,dēprecārī,dēprecātus,,I
dēprehendō,dēprehendere,dēprehendī,dēprehensus,III
dēprimō,dēprimere,pressī,pressus,III
dēprōmō,dēprōmere,dēprōmpsī,dēprōmptus,III
dēpūgnō,dēpūgnāre,dēpūgnāvī,dēpūgnātus,I
dēputō,dēputāre,dēputāvī,dēputātus,I
dērelinquō,dērelinquere,dēlīquī,dēlictus,III
dērēpō,dērēpere,dērēpsī,,III
dērīdeō,dērīdēre,dērīsī,dērīsus,II
dērigō,dērigere,rēxī,rēctus,III
dēripiō,dēripere,dēripuī,reptus,III
dērīvō,dērīvāre,dērīvāvī,dērīvātus,I
dēruō,dēruere,dēruī,,III
dēsaeviō,dēsaevīre,dēsaeviī,,IV
dēscendō,dēscendere,dēscendī,dēscensus,III
dēscīscō,dēscīscere,dēscīscīvī,dēītus,III
dēscrībō,dēscrībere,dēīpsī,dēīptus,III
dēsecō,dēsecāre,dēcuī,dēctus,I
dēserō,dēserere,dēruī,dērtus,III
dēserviō,dēservīre,,,IV
dēsideō,dēsidēre,sēdī,,II
dēsīderō,dēsīderāre,dēsīderāvī,dēsīderātus,I
dēsīgnō,dēsīgnāre,dēsīgnāvī,dēsīgnātus,I
dēsiliō,dēsilīre,dēsiluī,ultus,IV
dēsistō,dēsistere,dēstitī,dēstitus,III
dēsōlō,dēsōlāre,dēsōlāvī,dēsōlātus,I
dēspērō,dēspērāre,dēspērāvī,dēspērātus,I
dēspiciō,dēspicere,ēxī,ectus,III
despoliō,despolāre,despolāvī,despolātus,I
dēspondeō,dēspondēre,dēspondī,dēspōnsus,II
dēstinō,dēstināre,dēstināvī,dēstinātus,I
dēstituō,dēstituere,dēstituī,dēstituūtus,III
dēstringo,dēstringere,dēinxī,dēictus,III
dēstruō,dēstruere,dēūxī,dēūctus,III
dēsūmō,dēsūmere,dēūmpsī,,III
dētegō,dētegere,dēēxī,dēēctus,III
dēterminō,dētermināre,dētermināvī,dēterminātus,I
dēterō,dēterere,dētrīvī,dētrītus,III
dēterreō,dēterrēre,dēterruī,dēterritus,II
dētestor,dētestārī,dētestātus,,I
dētineō,dētinēre,dētinuī,tentus,II
dētonō,dētonāre,dētonuī,,I
dētorqueō,dētorquēre,dētorqusī,dētorqutus,II
dētrahō,dētrahere,dētrāxī,dētrāctus,III
dētrectō,dētrectāre,avī,dētrectātus,I
dētrūdō,dētrūdere,dētrūsī,dētrūsus,III
dētruncō,dētruncāre,dētruncāvī,dētruncātus,I
dēturbō,dēturbāre,dēturbāvī,dēturbātus,I
deūrō,deūrere,deūssī,deūstus,III
devehō,devehere,devexī,devectus,III
dēveneror,dēvenerārī,dēvenerātus,,I
dēveniō,dēvenīre,dēvēnī,,IV
dēverberō,dēverberāre,dēverberāvī,,I
dēversor,dēversārī,dēversātus,,I
dēvertō,dēvertere,dēvertī,,III
dēvinciō,dēvincere,dēnxī,dēnctus,III
dēvincō,dēvincere,dēvīcī,dēvīctus,III
dēvītō,dēvītāre,dēvītāvī,dēvītātus,I
dēvocō,dēvocāre,dēvocāvī,dēvocātus,I
dēvolvō,dēvolvere,dēvolvī,dēvolūtus,III
dēvorō,dēvorāre,dēvorāvī,dēvorātus,I
dēvoveō,dēvovēre,dēvōvī,dēvōtus,II
dicō,dicāre,dicāvī,dicātus,I
dictitō,dictitāre,dictitāvī,dictitātus,I
dīctō,dīctāre,dīctāvī,dīctātus,I
dīdō,dīdere,dīdīdidī,dīdīditus,III
dīdūcō,dīdūcere,dīdūxī,dīductus,III
diffīdo,diffīdere,,fīsus,III
diffindō,diffindere,fidī,fissus,III
diffluō,diffluere,diffluxī,,III
diffugiō,diffugere,diffūgī,,III
diffundō,diffundere,fūdī,fūsus,III
dīgerō,dīgerere,dīgessī,dīgestus,III
dīgladior,dīgladārī,dīatus,,I
dīgnor,dīgnārī,dīgnātus,,I
dīgredior,dīgredī,gressus,,III
dīiūdicō,dīiūdicāre,dīiūdicāvī,dīiūdicātus,I
dīlābor,dīlābī,dīlapsus,,III
dīlacerō,dīlacerāre,dīlacerāvī,dīlacerātus,I
dīlaniō,dīlanāre,dīlanāvī,dīlanātus,I
dīlargior,dīlargīrī,dīītus,,IV
dīlātō,dīlātāre,dīlātāvī,dīlātātus,I
dīligō,dīligere,lēxī,lēctus,III
dīlūcēscō,dīlūcēscere,lūxī,,III
dīluō,dīluere,dīluī,dīluūtus,III
dīmānō,dīmānāre,dīmānāvī,,I
dīmētior,dīmētīrī,dīmēnsus,,IV
dīmētor,dīmētārī,dīmētātus,,I
dīmittō,dīmittere,dīmīsī,dīmissus,III
dīmoveō,dīmovēre,dīōvī,dīōtus,II
dīrigō,dīrigere,rēxī,rēctus,III
dirimō,dirimere,ēmī,ēmptus,III
dīripiō,dīripere,dīripuī,eptus,III
dīrumpō,dīrumpere,dīrūpī,dīruptus,III
dīruō,dīruere,dīruī,dīrutus,III
discēdō,discēdere,discessī,discessus,III
disceptō,disceptāre,disceptāvī,disceptātus,I
discernō,discernere,discrēvī,discrētus,III
discerpō,discerpere,psī,ptus,III
dīscindō,dīscindere,dīcidī,dīcissus,III
discingō,discingere,disnxī,disnctus,III
disclūdō,disclūdere,disclūsī,disclūsus,III
discō,discere,didicī,,III
disconveniō,disconvenīre,,,IV
discrepō,discrepāre,discrepuī,,I
dīscrībō,dīscrībere,dīscrīpsī,dīscrīptus,III
discrīminō,discrīmināre,discrīmināvī,discrīminātus,I
discumbō,discumbere,cubuī,cubitus,III
discurrō,discurrcurrīandcucurrī,discursus,,III
discutiō,discutere,cussī,cussus,III
disiungō,disiungere,disūnxī,disūnctus,III
disparō,disparāre,disparāvī,disparātus,I
dispellō,dispellere,dispulī,dispulsus,III
dispēnsō,dispēnsāre,dispēnsāvī,dispēnsātus,I
disperdō,disperdere,disdidī,,III
dispereō,disperīre,disperiī,,IV
dīspergō,dīspergere,dīspersī,dīspersus,III
dispertiō,dispertīre,dispertīvī,ītus,IV
dispertior,dispertīrī,,,IV
dīspiciō,dīspicere,spēxī,spectus,III
displiceō,displicēre,displicuī,displicitus,II
dispōnō,dispōnere,disposuī,dispositus,III
disputō,disputāre,disputāvī,disputātus,I
dissēminō,dissēmināre,dissēmināvī,dissēminātus,I
dissentiō,dissentīre,dissēnsī,dissēnsus,IV
disserō,disserere,disruī,disrtus,III
dissertō,dissertāre,dissertāvī,dissertātus,I
dissideō,dissidēre,ēdī,,II
dissīgnō,dissīgnāre,dissīgnāvī,dissīgnātus,I
dissiliō,dissilīre,dissiluī,,IV
dissimulō,dissimulāre,dissimulāvī,dissimulātus,I
dissipō,dissipāre,dissipāvī,dissipātus,I
dissociō,dissocāre,dissocāvī,dissocātus,I
dissolvō,dissolvere,dissolvī,dissolūtus,III
dissuādeō,dissuādēre,dissuāsī,dissuāsus,II
distendō,distendere,distendī,distentus,III
disterminō,distermināre,distermināvī,disterminātus,I
distineō,distinēre,distinuī,tentus,II
dīstinguō,dīstinguere,dīnxī,dīnctus,III
distorqueō,distorquere,disrsī,disrtus,III
distrahō,distrahere,disāxī,disactus,III
distribuō,distribuere,distribuī,distribuūtus,III
dīstringō,dīstringere,dīnxī,dīctus,III
disturbō,disturbāre,disturbāvī,disturbātus,I
dītō,dītāre,dītāvī,dītātus,I
dīvellō,dīvellere,dīvellī,dīvolsus,III
dīvolgō,dīvolgāre,dīvolgāvī,dīvolgātus,I
doceō,docēre,docuī,ctus,II
doleō,dolēre,doluī,,II
dolō,dolāre,dolāvī,dolātus,I
dominor,dominārī,dominātus,,I
domō,domāre,domuī,domitus,I
dōnō,dōnāre,dōnāvī,dōnātus,I
dormiō,dormīre,dormīvī,ītum,IV
dormītō,dormītāre,dormītāvī,,I
dōtō,dōtāre,dōtāvī,dōtātus,I
dubitō,dubitāre,dubitāvī,dubitātus,I
ductō,ductāre,ductāvī,ductātus,I
duplicō,duplicāre,duplicāvī,duplicātus,I
dūrēscō,dūrēscere,ruī,,III
dūrō,dūrāre,,āvīātus,I
ēbibō,ēbibere,ēbibī,,III
ēblandior,ēblandīrī,ēītus,,IV
ēbulliō,ēbullīre,,,IV
ēdīcō,ēdīcere,ēdīxī,ēdictus,III
ēdisserō,ēdisserere,ēruī,ērtus,III
edō,edere,ēdī,ēsus,III
ēdō,ēdere,ēdidī,ēditus,III
ēdoceō,ēdocēre,ēcuī,ēctus,II
ēdolō,ēdolāre,ēdolāvī,,I
ēdomō,ēdomāre,ēdomuī,ēdomitus,I
ēdormiō,ēdormīre,ēdormīvī,,IV
ēdūcō,ēdūcere,ēdūxī,ēductus,III
ēducō,ēducāre,ēducāvī,ēducātus,I
effarciō,effarcīre,,fertus,IV
effēminō,effēmināre,effēmināvī,effēminātus,I
efferō,efferāre,efferāvī,efferātus,I
effervēscō,effervēscere,ferbuī,,III
efficiō,efficere,fēcī,fectus,III
effingō,effingere,finxī,fīctus,III
efflāgitō,efflāgitāre,efflāgitāvī,efflāgitātus,I
efflīgō,efflīgere,flīxī,,III
efflō,efflāre,efflāvī,efflātus,I
efflōrēscō,efflōrēscere,ruī,,III
effluō,effluere,effluxī,,III
effodiō,effodere,effōdī,fossus,III
effringō,effringere,frēgī,frāctus,III
effugiō,effugere,effūgī,,III
effulgeō,effulgēre,effulsī,,II
effundō,effundere,fūdī,fūsus,III
effūtiō,effūtīre,,ītus,IV
egeō,egēre,eguī,,II
ēgerō,ēgerere,ēgessī,ēgestus,III
ēgredior,ēgredī,gressus,,III
ēiaculor,ēiaculārī,ēiaculātus,,I
ēiectō,ēiectāre,ēiectāvī,ēiectātus,I
ēierō,ēierāre,ēierāvī,ēierātus,I
ēlābor,ēlābī,ēelapsus,,III
ēlabōrō,ēlabōrāre,ēlabōrāvī,ēlabōrātus,I
ēlanguēscō,ēlanguēscere,ēlanguī,,III
ēliciō,ēlicere,ēlicuī,,III
ēlīdō,ēlīdere,ēlīsī,ēlīsus,III
ēligō,ēligere,lēgī,lēctus,III
ēlīmō,ēlīmāre,ēlīmāvī,ēlīmātus,I
ēlocō,ēlocāre,ēlocāvī,ēlocātus,I
ēloquor,ēloquī,ēēlocūtus,,III
ēlūceō,ēlūcēre,ēūxī,,II
ēlūctor,ēlūctārī,ēlūctātus,,I
ēlūcubrō,ēlūcubrāre,ēlūcubrāvī,ēlūcubrātus,I
ēlūcubror,ēlūcubrārī,ēlūcubrātus,,I
ēlūdō,ēlūdere,ēlūsī,ēlūsus,III
ēlūgeō,ēlūgēre,ēūxī,,II
ēluō,ēluere,ēluī,ēluūtus,III
ēmancipō,ēmancipāre,ēmancipāvī,ēmancipātus,I
ēmānō,ēmānāre,ēmānāvī,ēmānātus,I
ēmātūrēscō,ēmātūrēscere,ēruī,,III
ēmendō,ēmendāre,ēmendāvī,ēmendātus,I
ēmentior,ēmentīrī,ēītus,,IV
ēmercor,ēmercārī,ēmercātus,,I
ēmereō,ēmerēre,ēmeruī,ēmeritus,II
ēmergō,ēmergere,ēmersī,ēmersus,III
ēmētior,ēmētīrī,ēmēnsus,,IV
ēmicō,ēmicāre,ēcuī,ēcātus,I
ēmigrō,ēmigrāre,ēmigrāvī,,I
ēmineō,ēminēre,ēminuī,,II
ēmīror,ēmīrārī,,,I
ēmittō,ēmittere,ēmīsī,ēmissus,III
emō,emere,ēmī,ēmptus,III
ēmoderor,ēmoderārī,,,I
ēmodulor,ēmodulārī,,,I
ēmolliō,ēmollīre,ēmolliī,ēītus,IV
ēmorior,ēmorī,,,III
ēmptitō,ēmptitāre,ēmptitāvī,ēmptitātus,I
ēmungō,ēmungere,nxī,nctus,III
ēmūniō,ēmūnīre,ēmūniī,ēītus,IV
ēnārrō,ēnārrāre,ēnārrāvī,ēnārrātus,I
ēnāscor,ēnāscī,ēnātus,,III
ēnatō,ēnatāre,ēnatāvī,,I
ēnāvigō,ēnāvigāre,ēnāvigāvī,,I
ēnervō,ēnervāre,ēnervāvī,ēnervātus,I
ēniteō,ēnitēre,ētuī,,II
ēnitēscō,ēnitēscere,nituī,,III
ēnītor,ēnītī,ēnīxus,,III
ēnō,ēnāre,ēnāvī,,I
ēnōdō,ēnōdāre,ēnōdāvī,ēnōdātus,I
ēnotēscō,ēnotēscere,ēnotuī,,III
ēnūbō,ēnūbere,ēnūpsī,,III
ēnumerō,ēnumerāre,ēnumerāvī,ēnumerātus,I
ēnūntiō,ēnūntāre,ēnūntāvī,ēnūntātus,I
ēnūtriō,ēnūtrīre,ēnūtrīvī,,IV
epulor,epulārī,epulātus,,I
equitō,equitāre,equitāvī,equitātus,I
ērādō,ērādere,ērāsī,,III
ērigō,ērigere,rēxī,rēctus,III
ēripiō,ēripere,ēripuī,eptus,III
ērogō,ērogāre,ērogāvī,ērogātus,I
errō,errāre,errāvī,errātus,I
ērubēscō,ērubēscere,ēbuī,,III
ērudiō,ērudīre,ērudīvī,ītus,IV
ērumpō,ērumpere,ērūpī,ēruptus,III
ēruō,ēruere,ēruī,ēutus,III
ēscendō,ēscendere,ēscendī,ēnsus,III
ēsuriō,ēsurīre,,,IV
ēvagor,ēvagārī,ēvagātus,,I
ēvalēscō,ēvalēscere,ēluī,,III
ēvānēscō,ēvānēscere,ēnuī,,III
ēvāstō,ēvāstāre,ēvāstāvī,ēvāstātus,I
ēvehō,ēvehere,ēvexī,ēvectus,III
ēvellō,ēvellere,ēvellī,ēvolsus,III
ēveniō,ēvenīre,ēvēnī,ēventus,IV
ēverrō,ēverrverrī,ēversus,,III
ēvertō,ēvertere,ēvertī,ēversus,III
ēvigilō,ēvigilāre,ēvigilāvī,ēvigilātus,I
ēvīlēscō,ēvīlēscere,ēluī,,III
ēvinciō,ēvincīre,ēnxī,ēnctus,IV
ēvincō,ēvincere,,ēvīctus,III
ēvirō,ēvirāre,ēvirāvī,,I
ēvītō,ēvītāre,ēvītāvī,ēvītātus,I
ēvītō,ēvītāre,ēvītāvī,,I
ēvocō,ēvocāre,ēvocāvī,ēvocātus,I
ēvolgō,ēvolgāre,ēvolgāvī,ēvolgātus,I
ēvolō,ēvolāre,ēvolāvī,ēvolātus,I
ēvolvō,ēvolvere,ēvolvī,ēvolūtus,III
ēvomō,ēvomere,ēvomuī,ēvomitus,III
exacerbō,exacerbāre,exacerbāvī,exacerbātus,I
exacuō,exacuere,exacuī,exacuūtus,III
exaedificō,exaedificāre,exaedificāvī,exaedificātus,I
exaequō,exaequāre,exaequāvī,exaequātus,I
exaestuō,exaestuāre,exaestuāvī,exaestuātus,I
exaggerō,exaggerāre,exaggerāvī,exaggerātus,I
exagitō,exagitāre,exagitāvī,exagitātus,I
exalbēscō,exalbēscere,exbuī,,III
exāminō,exāmināre,exāmināvī,exāminātus,I
exanimō,exanimāre,exanimāvī,exanimātus,I
exārdēscō,exārdēscere,exārsī,exārsus,III
exārēscō,exārēscere,exruī,,III
exarō,exarāre,exarāvī,exarātus,I
exasperō,exasperāre,exasperāvī,exasperātus,I
exauctōrō,exauctōrāre,exauctōrāvī,exauctōrātus,I
exaudiō,exaudīre,exaudīvī,exītus,IV
excaecō,excaecāre,excaecāvī,excaecātus,I
excandēscō,excandēscere,exduī,,III
exceptō,exceptāre,exceptāvī,exceptātus,I
excerpō,excerpere,psī,ptus,III
excidō,excidere,excidī,,III
excīdō,excīdere,excīdī,īsus,III
excieōandexciō,excieōandexcīre,excieōandexcīvī,excieōandexītusanditus,IV
excipiō,excipere,cēpī,ceptus,III
excitō,excitāre,excitāvī,excitātus,I
exclāmō,exclāmāre,exclāmāvī,exclāmātus,I
excōgitō,excōgitāre,excōgitāvī,excōgitātus,I
excolō,excolere,excoluī,excultus,III
excoquō,excoquere,excoxī,excoctus,III
excruciō,excrucāre,excrucāvī,excrucātus,I
excubō,excubāre,exbuī,exbitum,I
excūdō,excūdere,excūdī,excūsus,III
excurrō,excurrcucurrī,excursus,,III
excūsō,excūsāre,excūsāvī,excūsātus,I
excutiō,excutere,cussī,cussus,III
exedō,exedere,exēdī,exēsus,III
exerceō,exercēre,exercuī,exercitus,II
exhālō,exhālāre,exhālāvī,exhālātus,I
exhauriō,exhaurīre,exhausī,exhaustus,IV
exhērēdō,exhērēdāre,exhērēdāvī,exhērēdātus,I
exhibeō,exhibēre,exhibuī,exhibitus,II
exhorreō,exhorrēre,exhorruī,,II
exhorrēscō,exhorrēscere,ruī,,III
exhortor,exhortārī,exhortātus,,I
exigō,exigere,ēgī,āctus,III
eximō,eximere,ēmī,ēmptus,III
exināniō,exinānīre,exinānīvī,exītus,IV
exīstimō,exīstimāre,exīstimāvī,exīstimātus,I
exolēscō,exolēscere,exolēvī,exolēscētus,III
exonerō,exonerāre,exvī,exonerātus,I
exoptō,exoptāre,exoptāvī,exoptātus,I
exōrdior,exōrdīrī,exōrsus,,IV
exōrnō,exōrnāre,exōrnāvī,exōrnātus,I
exōrō,exōrāre,exōrāvī,exōrātus,I
exōsculor,exōscularī,,,III
expatrō,expatrāre,expatrāvī,,I
expavēscō,expavēscere,expāvī,,III
expediō,expedīre,expedīvī,ītus,IV
expellō,expellere,expulī,expulsus,III
expendō,expendere,exendī,exēnsus,III
expergēfaciō,expergēfacere,fēcī,expergēfactus,III
expergīscor,expergīscī,perrēctus,,III
experior,experīrī,expertus,,IV
expetō,expetīre,expetīvī,exītus,IV
expīlō,expīlāre,expīlāvī,expīlātus,I
expiscor,expiscārī,expiscātus,,I
explānō,explānāre,explānāvī,explānātus,I
explicō,explicāre,exāvīanduī,explicātus,I
explōdō,explōdere,explōsī,explōsus,III
explōrō,explōrāre,explōrāvī,explōrātus,I
expoliō,expolīre,expolīvī,ītus,IV
exportō,exportāre,exportāvī,exportātus,I
expōscō,expōscere,expopōscī,,III
expostulō,expostulāre,expostulāvī,expostulātus,I
exprimō,exprimere,pressī,pressus,III
exprobrō,exprobrāre,exprobrāvī,exprobrātus,I
exprōmō,exprōmere,exprōmpsī,exprōmptus,III
expūgnō,expūgnāre,expūgnāvī,expūgnātus,I
expūrgō,expūrgāre,expūrgāvī,expūrgātus,I
exquīrō,exquīrere,sīvī,sītus,III
exsaeviō,exsaevīre,,,IV
exsarciō,exsarcīre,,,IV
exsatiō,exsatāre,exsatāvī,exsatātus,I
exscindō,exscindere,exidī,exissus,III
exscrībō,exscrībere,exīpsī,exīptus,III
exsculpō,exsculpere,expsī,exptus,III
exsecō,exsecāre,excuī,exctus,I
exsecror,exsecrārī,exsecrātus,,I
exsequor,exsequī,excūtus,,III
exserō,exserere,exruī,exrtus,III
exsiccō,exsiccāre,exsiccāvī,exsiccātus,I
exsiliō,exsilīre,exsiluī,,IV
exsistō,exsistere,exstitī,,III
exsolvō,exsolvere,exsolvī,exsolūtus,III
exsorbeō,exsorbēre,exsorbuī,,II
exspatior,exspatārī,exspatātus,,I
exspectō,exspectāre,exspectāvī,exspectātus,I
exspīrō,exspīrāre,exspīrāvī,exspīrātus,I
exsplendēscō,exsplendēscere,exduī,,III
exspoliō,exspolāre,exspolāvī,exspolātus,I
exspuō,exspuere,exspuī,exspuūtus,III
exsternō,exsternāre,exsternāvī,exsternātus,I
exstīllō,exstīllāre,exstīllāvī,exstīllātus,I
exstimulō,exstimulāre,exstimulāvī,exstimulātus,I
exstirpō,exstirpāre,exstirpāvī,exstirpātus,I
exstruō,exstruere,exūxī,exūctus,III
exsūdō,exsūdāre,exsūdāvī,exsūdātus,I
exsulō,exsulāre,exsulāvī,exsulātum,I
exsultō,exsultāre,exsultāvī,,I
exsuperō,exsuperāre,exsuperāvī,exsuperātus,I
exsurgō,exsurgere,exsurrēxī,,III
exsuscitō,exsuscitāre,exsuscitāvī,exsuscitātus,I
extābēscō,extābēscere,exbuī,,III
extendō,extendere,extendī,extentus,III
extenuō,extenuāre,extenuāvī,extenuātus,I
exterminō,extermināre,extermināvī,exterminātus,I
exterreō,exterrēre,exterruī,exterritus,II
extimēscō,extimēscere,exmuī,,III
extorqueō,extorquēre,extorqusī,extorqutus,II
extrahō,extrahere,exāxī,exāctus,III
extrīcō,extrīcāre,extrīcāvī,extrīcātus,I
extrūdō,extrūdere,extrūsī,extrūsus,III
extundō,extundere,extudī,,III
exturbō,exturbāre,exturbāvī,exturbātus,I
exulcerō,exulcerāre,exulcerāvī,exulcerātus,I
exundō,exundāre,exundāvī,,I
exuō,exuere,exuī,exuūtus,III
exūrō,exūrere,exūssī,exūstus,III
fabricō,fabricāre,fabricāvī,fabricātus,I
fabricor,fabricārī,fabricātus,,I
fābulor,fābulārī,fābulātus,,I
facessō,facessere,facessī,ītus,III
factitō,factitāre,factitāvī,factitātus,I
faeneror,faenerārī,faenerātus,,I
fallō,fallere,fefellī,falsus,III
famulor,famulārī,,,I
farciō,farcīre,,fartus,IV
fastīdiō,fastīdīre,fastīdīvī,ītus,IV
fateor,fatērī,fassus,,III
fatīgō,fatīgāre,fatīgāvī,fatīgātus,I
faveō,favēre,fāvī,,II
feriō,ferīre,,,IV
fēstīnō,fēstīnāre,fēstīnāvī,fēstīnātus,I
fīdō,fīdere,,fīsus,III
fīgō,fīgere,fīxī,fīxus,III
figūrō,figūrāre,figūrāvī,figūrātus,I
fingō,fingere,finxī,fictus,III
fīniō,fīnīre,fīnīvī,ītus,IV
fīrmō,fīrmāre,fīrmāvī,fīrmātus,I
flaccēscō,flaccēscere,flaccuī,,III
flāgitō,flāgitāre,flāgitāvī,flāgitātum,I
flagrō,flagrāre,flagrāvī,,I
flectō,flectere,flēxī,flexus,III
flō,flāre,flāvī,flātus,I
flōreō,flōrēre,flōruī,,II
fluctuō,fluctuāre,fluctuāvī,fluctuātus,I
fluctuor,fluctuārī,fluctuātus,,I
fluitō,fluitāre,fluitāvī,,I
fluō,fluere,fluxī,fluxus,III
fodiō,fodere,fōdī,fossus,III
foedō,foedāre,foedāvī,foedātus,I
formīdō,formīdāre,formīdāvī,formīdātus,I
fōrmō,fōrmāre,fōrmāvī,fōrmātus,I
fortūnō,fortūnāre,fortūnāvī,fortūnātus,I
foveō,fovēre,fōvī,fōtus,II
fraudō,fraudāre,fraudāvī,fraudātus,I
fremō,fremere,fremuī,,III
frēnō,frēnāre,frēnāvī,frēnātus,I
frequentō,frequentāre,frequentāvī,frequentātus,I
frūmentor,frūmentārī,frūmentātus,,I
frūstror,frūstrārī,frūstrātus,,I
fruticor,fruticārī,,,I
fūcō,fūcāre,fūcāvī,fūcātus,I
fugitō,fugitāre,fugitāvī,fugitātus,I
fugō,fugāre,fugāvī,fugātus,I
fulciō,fulcīre,fulsī,fultus,IV
fulgeō,fulgēre,fulsī,,II
fundō,fundere,fūdī,fūsus,III
fundō,fundāre,fundāvī,fundātus,I
fūnestō,fūnestāre,fūnestāvī,fūnestātus,I
fungor,fungī,fūnctus,,III
fūror,fūrārī,fūrātus,,I
ganniō,gannīre,,,IV
gaudeō,gaudēre,,gāvīsus,II
geminō,gemināre,gemināvī,geminātus,I
gemō,gemere,gemuī,,III
generō,generāre,generāvī,generātus,I
gerō,gerere,gessī,gestus,III
gestiō,gestīre,gestīvī,,IV
gestō,gestāre,gestāvī,gestātus,I
gīgnō,gīgnere,genuī,genitus,III
glomerō,glomerāre,glomerāvī,glomerātus,I
glōrior,glōrārī,glōrātus,,I
glūtiō,glūtīre,glūtīvī,,IV
gradior,gradī,gressus,,III
graecor,graecārī,graecātus,,I
grassor,grassārī,grassātus,,I
grātificor,grātificārī,grātificātus,,I
grātor,grātārī,grātātus,,I
grātulor,grātulārī,grātulātus,,I
gravō,gravāre,gravāvī,gravātus,I
gravor,gravārī,gravātus,,I
grūnniō,grūnnīre,grūnnīvī,,IV
gubernō,gubernāre,gubernāvī,gubernātus,I
habitō,habitāre,habitāvī,habitātus,I
haereō,haerēre,haesī,,II
haesitō,haesitāre,haesitāvī,haesitātus,I
hālō,hālāre,hālāvī,hālātus,I
hariolor,hariolārī,hariolātus,,I
hebetō,hebetāre,hebetāvī,hebetātus,I
helluor,helluārī,helluātus,,I
hībernō,hībernāre,hībernāvī,,I
hiemō,hiemāre,hiemāvī,,I
hilarō,hilarāre,hilarāvī,hilarātus,I
hiō,hāre,hāvī,hātus,I
honestō,honestāre,honestāvī,honestātus,I
honōrō,honōrāre,honōrāvī,honōrātus,I
horreō,horrēre,horruī,,II
horrēscō,horrēscere,horruī,,III
hortor,hortārī,hortātus,,I
humō,humāre,humāvī,humātus,I
iaceō,iacēre,cuī,,II
iaciō,iacere,iēcī,iactus,III
iactō,iactāre,iactāvī,iactātus,I
iaculor,iaculārī,iaculātus,,I
īgnōscō,īgnōscere,nōvī,nōtus,III
imāginor,imāginārī,imāginātus,,I
imbibō,imbibere,imbibī,,III
imbuō,imbuere,imbuī,imbuūtus,III
immergō,immergere,immersī,immersus,III
immigrō,immigrāre,immigrāvī,immigrātus,I
imminuō,imminuere,imminuī,imminuūtus,III
immisceō,immiscēre,immiscuī,mīxtus,II
immittō,immittere,īsī,īssus,III
immolō,immolāre,immolāvī,immolātus,I
immorior,immorī,,,III
immūgiō,immūgīre,immūgiī,,IV
immūniō,immūnīre,immūnīvī,,IV
immūtō,immūtāre,immūtāvī,immūtātus,I
impediō,impedīre,impedīvī,ītus,IV
impellō,impellere,pulī,pulsus,III
impendō,impendere,impendī,pēnsus,III
imperitō,imperitāre,imperitāvī,imperitātus,I
imperō,imperāre,imperāvī,imperātus,I
impertiō,impertīre,impertīvī,ītus,IV
impertior,impertīrī,,,IV
impetriō,impetrīre,,,IV
impetrō,impetrāre,impetrāvī,impetrātus,I
impingō,impingere,pēgī,pāctus,III
implicō,implicāre,implicāvī,implicātus,I
implōrō,implōrāre,implōrāvī,implōrātus,I
importō,importāre,importāvī,importātus,I
imprecor,imprecārī,imprecātus,,I
imprimō,imprimere,pressī,pressus,III
improbō,improbāre,improbāvī,improbātus,I
impūgnō,impūgnāre,impūgnāvī,impūgnātus,I
imputō,imputāre,imputāvī,imputātus,I
inaedificō,inaedificāre,inaedificāvī,inaedificātus,I
inārdēscō,inārdēscere,inārsī,,III
inaudiō,inaudīre,inaudīvī,inītus,IV
inaugurō,inaugurāre,inaugurāvī,inaugurātus,I
incalēscō,incalēscere,incaluī,,III
incēdō,incēdere,incessī,incessus,III
incendō,incendere,incendī,incensus,III
incestō,incestāre,incestāvī,,I
incidō,incidere,incidī,,III
incīdō,incīdere,incīdī,cīsus,III
incingō,incingere,ininxī,inīnctus,III
incipiō,incipere,cēpī,ceptus,III
incitō,incitāre,incitāvī,incitātus,I
inclāmō,inclāmāre,inclāmāvī,inclāmātus,I
inclārēscō,inclārēscere,inruī,,III
inclīnō,inclīnāre,inclīnāvī,inclīnātus,I
inclūdō,inclūdere,inclūsī,inclūsus,III
inchoō,inchoāre,inchoāvī,inchoātus,I
incolō,incolere,inluī,,III
incommodō,incommodāre,incommodāvī,incommodātus,I
incoquō,incoquere,incoxī,incoctus,III
incrēbrēscō,incrēbrēscere,inbruī,,III
increpō,increpāre,increpuī,increpitus,I
incrēscō,incrēscere,incrēscēvī,,III
incubō,incubāre,incubuī,incubitus,I
inculcō,inculcāre,inculcāvī,inculcātus,I
incumbō,incumbere,cubuī,cubitus,III
incurrō,incurrcurrīandcucurrī,,,III
incursō,incursāre,incursāvī,incursātus,I
incurvō,incurvāre,incurvāvī,incurvātus,I
incūsō,incūsāre,incūsāvī,incūsātus,I
incutiō,incutere,cussī,cussus,III
indāgō,indāgāre,indāgāvī,indāgātus,I
indicō,indicāre,indicāvī,indicātus,I
indīcō,indīcere,indīxī,indictus,III
indigeō,indigēre,indiguī,,II
indīgnor,indīgnārī,indīgnātus,,I
indipīscor,indipīscī,eptus,,III
indō,indere,didī,ditus,III
indolēscō,indolēscere,luī,,III
indormiō,indormīre,indormīvī,inītus,IV
indulgeō,indulgēre,ulsī,ultus,II
induō,induere,induī,induūtus,III
indūrēscō,indūrēscere,indūrēscuī,,III
inēmorior,inēmorī,,,III
ineō,īre,inīvīandiī,itus,IV
ineptiō,ineptīre,,,IV
inēscō,inēscāre,inēscāvī,inēscātus,I
īnfāmō,īnfāmāre,īnfāmāvī,īnfāmātus,I
īnferciō,īnfercīre,,,IV
īnfervēscō,īnfervēscere,īnferbuī,,III
īnficiō,īnficere,fēcī,fectus,III
īnfīgō,īnfīgere,īnfīxī,īnfīxus,III
īnfindō,īnfindere,īnfidī,īnfissus,III
īnfīrmō,īnfīrmāre,īnfīrmāvī,īnfīrmātus,I
īnfitior,īnfitārī,īnfitātus,,I
īnflammō,īnflammāre,īnflammāvī,īnflammātus,I
īnflectō,īnflectere,īnēxī,īnexus,III
īnflīgō,īnflīgere,īxī,īctus,III
īnflō,īnflāre,īnflāvī,īnflātus,I
īnfluō,īnfluere,īnuxī,īnuxus,III
īnfodiō,īnfodere,īnfōdī,īnfossus,III
īnfōrmō,īnfōrmāre,īnfōrmāvī,īnfōrmātus,I
īnfringō,īnfringere,frēgī,frāctus,III
īnfundō,īnfundere,īnfūdī,īnfūsus,III
īnfuscō,īnfuscāre,īnfuscāvī,īnfuscātus,I
ingeminō,ingemināre,ingemināvī,ingeminātus,I
ingemō,ingemere,ingemuī,,III
ingenerō,ingenerāre,ingenerāvī,ingenerātus,I
ingravō,ingravāre,ingravāvī,ingravātus,I
ingredior,ingredī,essus,,III
ingruō,ingruere,ingruī,,III
ingurgitō,ingurgitāre,ingurgitāvī,ingurgitātus,I
inhaereō,inhaerere,inhaesī,inhaesus,III
inhālō,inhālāre,inhālāvī,,I
inhibeō,inhibēre,inhibuī,ītus,II
inhiō,inhāre,inhāvī,inhātus,I
inhorrēscō,inhorrēscere,inhorrēscuī,,III
initiō,initāre,initāvī,initātus,I
iniungō,iniungere,inūnxī,inūnctus,III
inlābor,inlābī,inlapsus,,III
inlacrimō,inlacrimāre,inlacrimāvī,inlacrimātus,I
inlacrimor,inlacrimārī,inlacrimātus,,I
inliciō,inlicere,lexī,lectus,III
inlīdō,inlīdere,inlīsī,inlīsus,III
inligō,inligāre,inligāvī,inligātus,I
inlinō,inlinere,inlēvī,inlitus,III
inlūcēscō,inlūcēscere,inlūxī,,III
inlūminō,inlūmināre,inlūmināvī,inlūminātus,I
inlūstrō,inlūstrāre,inlūstrāvī,inlūstrātus,I
innāscor,innāscī,innātus,,III
innectō,innectere,innēxuī,innexus,III
innō,innāre,innāvī,innātus,I
innōtēscō,innōtēscere,intuī,,III
innūbō,innūbere,innūpsī,innūptus,III
innuō,innuere,innuī,,III
inquinō,inquināre,inquināvī,inquinātus,I
inraucēscō,inraucēscere,rausī,,III
inrēpō,inrēpere,inrēpsī,,III
inrētiō,inrētīre,inrētīvī,ītus,IV
inrīdeō,inrīdēre,inrīsī,inrīsus,II
inrigō,inrigāre,inrigāvī,inrigātus,I
inrītō,inrītāre,inrītāvī,inrītātus,I
inrōrō,inrōrāre,inrōrāvī,inrōrātus,I
inrumō,inrumāre,inrumāvī,inrumātus,I
inrumpō,inrumpere,inrūpī,inruptus,III
inruō,inruere,inruī,,III
inscrībō,inscrībere,inīpsī,inīptus,III
īnsculpō,īnsculpere,īnpsī,īnptus,III
īnsecō,īnsecāre,īncuī,īnctus,I
īnsector,īnsectarī,īnsectātus,,III
īnsenēscō,īnsenēscere,īnnuī,,III
īnserō,īnserere,īnsēvī,īnsitus,III
īnserō,īnserere,īnseruī,īnsertus,III
īnserviō,īnservēre,,īnītus,II
īnsideō,īnsidēre,sēdī,,II
īnsidior,īnsidārī,īnsidātus,,I
īnsīdō,īnsīdere,īnsēdī,īnsessus,III
īnsimulō,īnsimulāre,īnsimulāvī,īnsimulātus,I
īnsinuō,īnsinuāre,īnsinuāvī,īnsinuātus,I
īnsistō,īnsistere,īnstitī,,III
īnsonō,īnsonāre,īnsonuī,,I
īnspergō,īnspergere,spersī,spersus,III
īnspiciō,īnspicere,spēxī,spectus,III
īnspīrō,īnspīrāre,īnspīrāvī,īnspīrātus,I
īnstaurō,īnstaurāre,īnstaurāvī,īnstaurātus,I
īnsternō,īnsternere,īnstrāvī,īnstrātus,III
īnstīgō,īnstīgāre,īnstīgāvī,īnstīgātus,I
īnstīllō,īnstīllāre,īnstīllāvī,īnstīllātus,I
īnstituō,īnstituere,īnstituī,īnstituūtus,III
īnstō,īnstāre,īnstitī,,I
īnstrepō,īnstrepere,īnstrepuī,īnstrepitus,III
īnstruō,īnstruere,īnūxī,īnūctus,III
īnsultō,īnsultāre,īnsultāvī,īnsultātus,I
īnsūmō,īnsūmere,īnsūmpsī,īnsūmptus,III
īnsuō,īnsuere,īnsuī,īnsuūtus,III
īnsurgō,īnsurgere,īnsurrēxī,īnsurrēctus,III
īnsusurrō,īnsusurrāre,īnsusurrāvī,īnsusurrātus,I
intābēscō,intābēscere,inbuī,,III
integō,integere,intēxī,intēctus,III
integrō,integrāre,integrāvī,integrātus,I
intendō,intendere,intendī,intentus,III
intentō,intentāre,intentāvī,intentātus,I
īntepēscō,īntepēscere,īnpuī,,III
intercalō,intercalāre,intercalāvī,intercalātus,I
intercēdō,intercēdere,intercessī,intercessus,III
intercīdō,intercīdere,intercīdī,īsus,III
intercidō,intercidere,intercidī,,III
intercipiō,intercipere,cēpī,ceptus,III
interclūdō,interclūdere,ūsī,ūsus,III
intercurrō,intercurrcurrī,intercursus,,III
interdīcō,interdīcere,interdīxī,interdictus,III
intereō,īre,iī,,IV
interficiō,interficere,fēcī,fectus,III
interfor,interfārī,interfātus,,I
interiaceō,interiacēre,interiacuī,,II
intericiō,intericere,iēcī,iectus,III
interlābor,interlābī,,,III
interlinō,interlinere,interlēvī,interlitus,III
interloquor,interloquī,interlocūtus,,III
interlūceō,interlūcēre,interlūxī,,II
interminor,interminārī,interminātus,,I
intermisceō,intermiscēre,intermiscuī,intermīxtus,II
intermittō,intermittere,intermīsī,intermissus,III
intermorior,intermorī,,,III
internōscō,internōscere,internōvī,internōtus,III
interō,interere,intrīvī,intrītus,III
interpellō,interpellāre,interpellāvī,interpellātus,I
interpolō,interpolāre,interpolāvī,interpolātus,I
interpōnō,interpōnere,interposuī,interposītus,III
interpretor,interpretārī,interpretātus,,I
interquiēscō,interquiēscere,interquēvī,,III
interrogō,interrogāre,interrogāvī,interrogātus,I
interrumpō,interrumpere,interrūpī,interruptus,III
intersaepiō,intersaepēre,intersaepsī,intersaeptus,II
interscindō,interscindere,interscidī,interscissus,III
interveniō,intervenīre,intervēnī,interventus,IV
intervertō,intervertere,intervertiī,interversus,III
intexō,intexere,intexuī,intextus,III
intonō,intonāre,intonuī,intonātus,I
intorqueō,intorquēre,intorsī,intortus,II
intremō,intremere,intremuī,,III
intrōdūcō,intrōdūcere,intrōdūxī,intrōductus,III
introeō,īre,īvī,,IV
intrōgredior,intrōgredī,essus,,III
intrōmittō,intrōmittere,intrōmīsī,intrōmissus,III
intrōrumpō,intrōrumpere,intrōrūpī,intrōruptus,III
intrōspiciō,intrōspicere,spēxī,spectus,III
intueor,intuērī,intuitus,,III
intumēscō,intumēscere,inmuī,,III
intuor,intuī,,,III
inumbrō,inumbrāre,inumbrāvī,inumbrātus,I
inundō,inundāre,inundāvī,inundātus,I
inūrō,inūrere,inūssī,inūstus,III
invādō,invādere,invāsī,invāsus,III
invalēscō,invalēscere,invaluī,,III
invehō,invehere,invexī,invectus,III
inveniō,invenīre,invēnī,inventus,IV
invertō,invertere,invertī,inversus,III
investīgō,investīgāre,investīgāvī,investīgātus,I
inveterāscō,inveterāscere,inrāvī,,III
inveterō,inveterāre,inveterāvī,inveterātus,I
invideō,invidēre,invīdī,invīsus,II
invigilō,invigilāre,invigilāvī,invigilātus,I
invīsō,invīsere,invīsī,,III
invītō,invītāre,invītāvī,invītātus,I
invocō,invocāre,invocāvī,invocātus,I
involō,involāre,involāvī,involātus,I
involvō,involvere,invī,involvūtus,III
iocor,iocārī,iocātus,,I
īrāscor,īrāscī,īrātus,,III
iterō,iterāre,iterāvī,iterātus,I
iūdicō,iūdicāre,iūdicāvī,iūdicātus,I
iugō,iugāre,iugāvī,iugātus,I
iugulō,iugulāre,iugulāvī,iugulātus,I
iungō,iungere,ūnxī,ūnctus,III
iūrgō,iūrgāre,iūrgāvī,iūrgātus,I
iūrō,iūrāre,iūrāvī,iūrātus,I
iuvenor,iuvenārī,,,I
labefactō,labefactāre,labefactāvī,labefactātus,I
labō,labāre,labāvī,labātus,I
lābor,lābī,lapsus,,III
labōrō,labōrāre,labōrāvī,labōrātus,I
lacerō,lacerāre,lacerāvī,lacerātus,I
lacessō,lacessere,lacessīvī,ītus,III
lactō,lactāre,lactāvī,,I
laedō,laedere,laesī,laesus,III
laetificō,laetificāre,laetificāvī,laetificātus,I
laetor,laetārī,laetātus,,I
lāmentor,lāmentārī,lāmentātus,,I
languēscō,languēscere,guī,,III
laniō,lanāre,lanāvī,lanātus,I
lapidō,lapidāre,lapidāvī,lapidātus,I
largior,largīrī,ītus,,IV
lascīviō,lascīvīre,,,IV
lassō,lassāre,lassāvī,lassātus,I
lateō,latēre,latuī,,II
latitō,latitāre,latitāvī,latitātus,I
lātrō,lātrāre,lātrāvī,lātrātus,I
latrōcinor,latrōcinārī,,,I
laudō,laudāre,laudāvī,laudātus,I
laxō,laxāre,laxāvī,laxātus,I
lēctitō,lēctitāre,lēctitāvī,lēctitātus,I
legō,legere,lēgī,lēctus,III
lēnōcinor,lēnōcinārī,lēnōcinātus,,I
lētō,lētāre,lētāvī,lētātus,I
lēvō,lēvāre,lēvāvī,lēvātus,I
līberō,līberāre,līberāvī,līberātus,I
lībō,lībāre,lībāvī,lībātus,I
lībrō,lībrāre,lībrāvī,lībrātus,I
liceō,licēre,cuī,,II
liceor,licērī,licitus,,III
līgnor,līgnārī,līgnātus,,I
ligō,ligāre,ligāvī,ligātus,I
ligurriō,ligurrīre,ligurrīvī,ītus,IV
līmō,līmāre,līmāvī,līmātus,I
linō,linere,lēvī,litus,III
linquō,linquere,līquī,,III
lippiō,lippīre,,,IV
liqueō,liquēre,licuī,,II
lītigō,lītigāre,lītigāvī,lītigātus,I
litō,litāre,litāvī,litātus,I
locuplētō,locuplētāre,locuplētāvī,locuplētātus,I
lūceō,lūcēre,lūxī,,II
lūcēscōandlūcīscō,lūcēscōandlūcīscere,lūxī,,III
lucror,lucrārī,lucrātus,,I
luctor,luctārī,luctātus,,I
lūcubrō,lūcubrāre,lūcubrāvī,lūcubrātus,I
lūdificō,lūdificāre,lūdificāvī,lūdificātus,I
lūdificor,lūdificārī,lūdificātus,,I
lūdō,lūdere,lūsī,lūsus,III
lūnō,lūnāre,lūnāvī,lūnātus,I
luō,luere,luī,,III
lūstrō,lūstrāre,lūstrāvī,lūstrātus,I
lūxuriō,lūxurāre,lūxurāvī,lūxurātus,I
lūxurior,lūxurārī,lūxurātus,,I
mācerō,mācerāre,mācerāvī,mācerātus,I
māchinor,māchinārī,māchinātus,,I
mactō,mactāre,mactāvī,mactātus,I
maculō,maculāre,maculāvī,maculātus,I
madeō,madēre,maduī,,II
madēscō,madēscere,duī,,III
maledīcō,maledīcere,dīxī,maledictus,III
mancipō,mancipāre,mancipāvī,mancipātus,I
mandō,mandāre,mandāvī,mandātus,I
mandō,mandere,mandī,mansus,III
maneō,manēre,mānsī,mānsus,II
mānō,mānāre,mānāvī,,I
mānsitō,mānsitāre,mānsitāvī,,I
mānsuēscō,mānsuēscere,suēvī,suētus,III
manūmittō,manūmittere,mīsī,missus,III
māterior,māterārī,,,I
mātūrēscō,mātūrēscere,ruī,,III
mātūrō,mātūrāre,mātūrāvī,mātūrātus,I
medeor,medērī,,,III
medicō,medicāre,medicāvī,medicātus,I
medicor,medicārī,medicātus,,I
meditor,meditārī,meditātus,,I
memorō,memorāre,memorāvī,memorātus,I
mentior,mentīrī,ītus,,IV
meō,māre,māvī,,I
mercor,mercārī,mercātus,,I
mereō,merēre,meruī,meritus,II
mereor,merērī,meritus,,III
mergō,mergere,mersī,mersus,III
meritō,meritāre,meritāvī,,I
mersō,mersāre,mersāvī,mersātus,I
mētior,mētīrī,mēnsus,,IV
metō,metere,messuī,messus,III
mētor,mētārī,mētātus,,I
metuō,metuere,metuī,,III
micō,micāre,micuī,,I
micturiō,micturīre,,,IV
mīlitō,mīlitāre,mīlitāvī,mīlitātum,I
mingō,mingere,īnxī,ictum,III
ministrō,ministrāre,ministrāvī,ministrātus,I
minitor,minitārī,minitātus,,I
minor,minārī,minātus,,I
minuō,minuere,minuī,minuūtus,III
mīror,mīrārī,mīrātus,,I
misceō,miscēre,miscuī,mīxtus,II
misereor,miserērī,miseritus,,III
miseror,miserārī,miserātus,,I
missitō,missitāre,missitāvī,,I
mītigō,mītigāre,mītigāvī,mītigātus,I
moderor,moderārī,moderātus,,I
modulor,modulārī,modulātus,,I
moechor,moechārī,moechātus,,I
mōlior,mōlīrī,ītus,,IV
molō,molere,moluī,molitus,III
moneō,monēre,monuī,monitus,II
mōnstrō,mōnstrāre,mōnstrāvī,mōnstrātus,I
mordeō,mordēre,momordī,morsus,II
mōrigeror,mōrigerārī,mōrigerātus,,I
moror,morārī,morātus,,I
mōtō,mōtāre,mōtāvī,,I
moveō,movēre,mōvī,mōtus,II
mūginor,mūginārī,,,I
mūgiō,mūgīre,mūgīvī,,IV
mulceō,mulcēre,mulcsī,mulcsus,II
mulcō,mulcāre,mulcāvī,mulcātus,I
multiplicō,multiplicāre,multiplicāvī,multiplicātus,I
multō,multāre,multāvī,multātus,I
mūneror,mūnerārī,mūnerātus,,I
mūniō,mūnīre,mūnīvī,ītum,IV
murmurō,murmurāre,murmurāvī,,I
mussō,mussāre,mussāvī,mussātus,I
mutilō,mutilāre,mutilāvī,mutilātus,I
mūtō,mūtāre,mūtāvī,mūtātus,I
muttiō,muttīre,,ītus,IV
mūtuor,mūtuārī,mūtuātus,,I
nancīscor,nancīscī,nactus,,III
nārrō,nārrāre,nārrāvī,nārrātus,I
natō,natāre,natāvī,natātus,I
nāvigō,nāvigāre,nāvigāvī,nāvigātus,I
nāvō,nāvāre,nāvāvī,nāvātus,I
nectō,nectere,ēxuī,xus,III
negitō,negitāre,negitāvī,,I
negō,negāre,negāvī,negātus,I
negōtior,negōtārī,negōtātus,,I
nēsciō,nēscīre,nēscīvī,,IV
niteō,nitēre,nituī,,II
nīxor,nīxārī,,,I
nō,nāre,nāvī,,I
nōbilitō,nōbilitāre,nōbilitāvī,nōbilitātus,I
noceō,nocēre,cuī,,II
nōdō,nōdāre,nōdāvī,nōdātus,I
nōminō,nōmināre,nōmināvī,nōminātus,I
notēscō,notēscere,notēscuī,,III
notō,notāre,notāvī,notātus,I
novō,novāre,novāvī,novātus,I
nūbō,nūbere,nūpsī,nūptum,III
nūdō,nūdāre,nūdāvī,nūdātus,I
nūgor,nūgārī,nūgātus,,I
numerō,numerāre,numerāvī,numerātus,I
nūncupō,nūncupāre,nūncupāvī,nūncupātus,I
nūndinor,nūndinārī,nūndinātus,,I
nūtō,nūtāre,nūtāvī,nūtātus,I
nūtrīcor,nūtrīcārī,nūtrīcātus,,I
nūtrior,nūtrīrī,,,IV
obambulō,obambulāre,obambulāvī,,I
obarō,obarāre,obarāvī,,I
obdō,obdere,obdidī,obditus,III
obdormīscō,obdormīscere,obdormīscīvī,,III
obdūcō,obdūcere,obdūxī,obductus,III
obdūrēscō,obdūrēscere,obruī,,III
obdūrō,obdūrāre,obdūrāvī,obdūrātus,I
obeō,īre,īvī,itus,IV
obequitō,obequitāre,obequitāvī,,I
obganniō,obgannīre,,,IV
obiectō,obiectāre,obiectāvī,obiectātus,I
obiūrgō,obiūrgāre,obiūrgāvī,obiūrgātus,I
oblanguēscō,oblanguēscere,obguī,,III
oblectō,oblectāre,oblectāvī,oblectātus,I
obligō,obligāre,obligāvī,obligātus,I
oblīmō,oblīmāre,oblīmāvī,oblīmātus,I
oblinō,oblinere,oblēvī,oblitus,III
oblīquō,oblīquāre,oblīquāvī,oblīquātus,I
oblitterō,oblitterāre,oblitterāvī,oblitterātus,I
oblīvīscor,oblīvīscī,lītus,,III
obloquor,obloquī,oblocūtus,,III
obluctor,obluctārī,obluctātus,,I
obmōlior,obmōlīrī,obītus,,IV
obmurmurō,obmurmurāre,obmurmurāvī,obmurmurātus,I
obmūtēscō,obmūtēscere,obtuī,,III
obnītor,obnītī,obnīxus,,III
obnūbō,obnūbere,obnūpsī,obnūptus,III
obnūntiō,obnūntāre,obnūntāvī,obnūntātus,I
oborior,oborīrī,obortus,,IV
obrēpō,obrēpere,obrēpsī,obrēptus,III
obrigēscō,obrigēscere,obriguī,,III
obrogō,obrogāre,obrogāvī,obrogātus,I
obruō,obruere,obruī,obutus,III
obscūrō,obscūrāre,obscūrāvī,obscūrātus,I
obsecrō,obsecrāre,obsecrāvī,obsecrātus,I
obsecundō,obsecundāre,obsecundāvī,obsecundātus,I
obserō,obserāre,obserāvī,obserātus,I
obserō,obserere,obsēvī,obsitus,III
observitō,observitāre,observitāvī,,I
observō,observāre,observāvī,observātus,I
obsideō,obsidēre,ēdī,essus,II
obsīgnō,obsīgnāre,obsīgnāvī,obsīgnātus,I
obsistō,obsistere,obstitī,obstitus,III
obsolēscō,obsolēscere,obslēvī,obslētus,III
obsōnō,obsōnāre,obsōnāvī,obsōnātus,I
obstinō,obstināre,obstināvī,obstinātus,I
obstō,obstāre,obstitī,,I
obstrepō,obstrepere,obstrepuī,,III
obstringō,obstringere,obstrinxī,obstrictus,III
obstruō,obstruere,obūxī,obūctus,III
obsurdēscō,obsurdēscere,obduī,,III
obtegō,obtegere,obtēxī,obtēctus,III
obtemperō,obtemperāre,obtemperāvī,obtemperātus,I
obtendō,obtendere,obtendī,obtentus,III
obtestor,obtestārī,obtestātus,,I
obtineō,obtinēre,obtinuī,tentus,II
obtingō,obtingere,tigī,,III
obtrectō,obtrectāre,obtrectāvī,obtrectātus,I
obtrūdō,obtrūdere,obtrūsī,obtrūsus,III
obtundō,obtundere,obtudī,obtūsus,III
obturbō,obturbāre,obturbāvī,obturbātus,I
obumbrō,obumbrāre,obumbrāvī,obumbrātus,I
obveniō,obvenīre,obvēnī,obventus,IV
obversor,obversārī,obversātus,,I
obvertō,obvertere,obvertī,obversus,III
obvolvō,obvolvere,obvī,obvolvūtus,III
occaecō,occaecāre,occaecāvī,occaecātus,I
occallēscō,occallēscere,luī,,III
occanō,occanere,occanuī,,III
occentō,occentāre,occentāvī,occentātus,I
occīdō,occīdere,occīdī,cīsus,III
occidō,occidere,occidī,cāsus,III
occinō,occinere,occinuī,,III
occlūdō,occlūdere,occlūsī,occlūsus,III
occulō,occulere,occuluī,occultus,III
occultō,occultāre,occultāvī,occultātus,I
occumbō,occumbere,cubuī,cubitum,III
occupō,occupāre,occupāvī,occupātus,I
occursō,occursāre,occursāvī,occursātus,I
odōrō,odōrāre,odōrāvī,odōrātus,I
odōror,odōrārī,odōrātus,,I
offendō,offendere,offendī,fēnsus,III
offēnsō,offēnsāre,offēnsāvī,offēnsātus,I
officiō,officere,ēcī,ectus,III
offīrmō,offīrmāre,offīrmāvī,offīrmātus,I
offulgeō,offulgēre,offulsī,,II
offundō,offundere,ūdī,ūsus,III
oleō,olēre,luī,,II
olfaciō,olfacere,fēcī,olfactus,III
ōminor,ōminārī,ōminātus,,I
omittō,omittere,īsī,issus,III
onerō,onerāre,onerāvī,onerātus,I
opācō,opācāre,opācāvī,opācātus,I
operor,operārī,operātus,,I
opīnor,opīnārī,opīnātus,,I
opitulor,opitulārī,opitulātus,,I
opperior,opperīrī,oppertus,,IV
oppetō,oppetere,oppetīvī,ītus,III
oppīlō,oppīlāre,oppīlāvī,oppīlātus,I
oppleō,opplēre,opplēvī,opplētus,II
oppōnō,oppōnere,posuī,positus,III
opprimō,opprimere,essī,essus,III
oppūgnō,oppūgnāre,oppūgnāvī,oppūgnātus,I
optō,optāre,optāvī,optātus,I
orbō,orbāre,orbāvī,orbātus,I
ōrdinō,ōrdināre,ōrdināvī,ōrdinātus,I
ōrdior,ōrdīrī,ōrsus,,IV
ōrnō,ōrnāre,ōrnāvī,ōrnātus,I
ōrō,ōrāre,ōrāvī,ōrātus,I
ōsculor,ōsculārī,ōsculātus,,I
ostendō,ostendere,ostendī,ostentus,III
ostentō,ostentāre,ostentāvī,ostentātus,I
ōtior,ōtārī,ōtātus,,I
pābulor,pābulārī,pābulātus,,I
pacīscor,pacīscī,pactus,,III
pācō,pācāre,pācāvī,pācātus,I
palleō,pallēre,palluī,,II
pallēscō,pallēscere,palluī,,III
pālor,pālārī,pālātus,,I
palpor,palpārī,palpātus,,I
pandō,pandere,pandī,passus,III
pāreō,pārēre,pāruī,,II
parō,parāre,parāvī,parātus,I
participō,participāre,participāvī,participātus,I
partiō,partīre,partīvī,ītus,IV
partior,partīrī,ītus,,IV
pāscō,pāscere,pāvī,pāstus,III
pāscor,pāscī,pāstus,,III
patefaciō,patefacere,fēcī,patefactus,III
pateō,patēre,patuī,,II
patēscō,patēscere,patuī,,III
patior,patī,passus,,III
patrō,patrāre,patrāvī,patrātus,I
patrōcinor,patrōcinārī,patrōcinātus,,I
paveō,pavēre,pāvī,,II
paviō,pavīre,,,IV
pectō,pectere,pēxī,pexus,III
pēdō,pēdere,pepēdī,pēditus,III
pēierōperierō,pēierōperierāre,pēierōperierāvī,pēierōperierātus,I
pelliciō,pellicere,lexī,lectus,III
pellō,pellere,pepulī,pulsus,III
pendeō,pendēre,pependī,,II
pendō,pendere,pependī,pēnsus,III
penetrō,penetrāre,penetrāvī,penetrātus,I
pēnsitō,pēnsitāre,pēnsitāvī,,I
pēnsō,pēnsāre,pēnsāvī,pēnsātus,I
peragō,peragere,perēgī,perāctus,III
peragrō,peragrāre,peragrāvī,peragrātus,I
perambulō,perambulāre,perambulāvī,perambulātus,I
perarō,perarāre,perarāvī,perarātus,I
perbacchor,perbacchārī,perbacchātus,,I
perbibō,perbibere,perbibī,,III
percalēscō,percalēscere,percaluī,,III
percallēscō,percallēscere,percalluī,,III
percellō,percellere,culī,culsus,III
percēnseō,percēnsēre,percēnsuī,,II
percolō,percolere,percoluī,,III
percontor,percontārī,percontātus,,I
percrēbrēscō,percrēbrēscere,perbruī,,III
percurrō,percurrpercucurrī,percursus,,III
perdepsō,perdepsere,perdepsuī,,III
perdiscō,perdiscere,perdidicī,,III
perdoceō,perdocēre,percuī,perctus,II
perdomō,perdomāre,perdomuī,perdomitus,I
perdūcō,perdūcere,perdūxī,perductus,III
peredō,peredere,perēdī,perēsus,III
peregrīnor,peregrīnārī,peregrīnātus,,I
perequitō,perequitāre,perequitāvī,,I
pererrō,pererrāre,pererrāvī,pererrātus,I
perficiō,perficere,fēcī,fectus,III
perfodiō,perfodere,perfōdī,perfossus,III
perforō,perforāre,perforāvī,perforātus,I
perfricō,perfricāre,percuī,,I
perfrīgēscō,perfrīgēscere,perfrīxī,,III
perfringō,perfringere,frēgī,frāctus,III
perfruor,perfruī,perūctus,,III
perfugiō,perfugere,perfūgī,,III
perfundō,perfundere,perfūdī,perfūsus,III
perfungor,perfungī,perfūnctus,,III
pergō,pergere,perrēxī,perrēctus,III
perhibeō,perhibēre,perhibuī,perhibitus,II
perhorrēscō,perhorrēscere,perruī,,III
perīclitor,perīclitārī,perīclitātus,,I
perimō,perimere,ēmī,ēmptus,III
perlābor,perlābī,perlapsus,,III
perlateō,perlatēre,perlatuī,,II
perlegō,perlegere,perlēgī,perlēctus,III
perlitō,perlitāre,perlitāvī,perlitātus,I
perlūceō,perlūcēre,perlūxī,,II
perluō,perluere,perluī,perluūtus,III
perlūstrō,perlūstrāre,perlūstrāvī,perlūstrātus,I
permaneō,permanēre,permānsī,,II
permānō,permānāre,permānāvī,,I
permātūrēscō,permātūrēscere,perruī,,III
permētior,permētīrī,permēnsus,,IV
permingō,permingere,permīnxī,,III
permisceō,permiscēre,permiscuī,permīxtus,II
permittō,permittere,permīsī,permissus,III
permoveō,permovēre,permōvī,permōtus,II
permulceō,permulcēre,permulsī,permulsus,II
permūniō,permūnīre,permūnīvī,perītus,IV
permūtō,permūtāre,permūtāvī,permūtātus,I
pernegō,pernegāre,pernegāvī,,I
pernoctō,pernoctāre,pernoctāvī,,I
pernōscō,pernōscere,pernōvī,pernōtus,III
pernōtēscō,pernōtēscere,tuī,,III
pernumerō,pernumerāre,pernumerāvī,pernumerātus,I
perōrō,perōrāre,perōrāvī,perōrātus,I
perpellō,perpellere,perpulī,,III
perpendō,perpendere,perpendī,,III
perpetior,perpetī,pessus,,III
perpetrō,perpetrāre,perpetrāvī,perpetrātus,I
perpoliō,perpolīre,perpolīvī,perītus,IV
perpopulor,perpopulāre,,perpopulātus,I
perpōtō,perpōtāre,perpōtāvī,,I
perpūrgō,perpūrgāre,perpūrgāvī,perpūrgātus,I
perquīrō,perquīrere,,quīsītus,III
perrēptō,perrēptāre,perrēptāvī,,I
perrumpō,perrumpere,perrūpī,perruptus,III
persalūtō,persalūtāre,persalūtāvī,persalūtātus,I
perscrībō,perscrībere,perīpsī,perīptus,III
perscrūtor,perscrūtārī,perscrūtātus,,I
persecō,persecāre,percuī,perctus,I
persentiō,persentīre,persensī,,IV
persequor,persequī,percūtus,,III
persevērō,persevērāre,persevērāvī,persevērātus,I
persīdō,persīdere,persēdī,,III
persolvō,persolvere,persolvī,persolūtus,III
personō,personāre,personuī,,I
perspiciō,perspicere,spēxī,spectus,III
perstō,perstāre,perstitī,,I
perstringō,perstringere,perinxī,perictus,III
persuādeō,persuādēre,persuāsī,persuāsus,II
persultō,persultāre,persultāvī,,I
pertemptō,pertemptāre,pertemptāvī,pertemptātus,I
pertendō,pertendere,pertendī,,III
perterebrō,perterebrāre,perterebrāvī,,I
pertergeō,pertergēre,pertersī,,II
pertexō,pertexere,perxuī,,III
pertimēscō,pertimēscere,permuī,,III
pertineō,pertinēre,pertinuī,,II
pertrāctō,pertrāctāre,pertrāctāvī,pertrāctātus,I
pertrahō,pertrahere,pertrāxī,pertrāctus,III
pertundō,pertundere,pertudī,pertūsus,III
perturbō,perturbāre,perturbāvī,perturbātus,I
perungō,perungere,perūnxī,perūnctus,III
pervādō,pervādere,pervāsī,,III
pervagor,pervagārī,pervagātus,,I
pervāstō,pervāstāre,pervāstāvī,pervāstātus,I
pervehō,pervehere,pervexī,pervectus,III
pervellō,pervellere,pervellī,,III
perveniō,pervenīre,pervēnī,perventus,IV
pervertō,pervertere,pervertī,perversus,III
pervestīgō,pervestīgāre,pervestīgāvī,pervestīgātus,I
pervideō,pervidēre,pervīdī,vīsus,II
pervigeō,pervigēre,perviguī,,II
pervigilō,pervigilāre,pervigilāvī,pervigilātus,I
pervincō,pervincere,vīcī,vīctus,III
pervolgō,pervolgāre,pervolgāvī,pervolgātus,I
pervolō,pervolāre,pervolāvī,pervolātus,I
pervolvō,pervolvere,pervolvī,pervolūtus,III
petīturiō,petīturīre,,,IV
philosophor,philosophārī,philosophātus,,I
pīgnerō,pīgnerāre,pīgnerāvī,pīgnerātus,I
pīgneror,pīgnerārī,pīgnerātus,,I
pigror,pigrārī,,,I
pingō,pingere,pinxī,pictus,III
piō,pāre,pāvī,pātus,I
piscor,piscārī,piscātus,,I
placeō,placēre,cuī,citus,II
plācō,plācāre,plācāvī,plācātus,I
plangō,plangere,ānxī,anctus,III
plaudō,plaudere,plausī,plausus,III
plōrō,plōrāre,plōrāvī,plōrātus,I
pluō,pluere,pluī,,III
polliceor,pollicērī,pollicitus,,III
pollicitor,pollicitārī,pollicitātus,,I
polluō,polluere,polluī,polluūtus,III
ponderō,ponderāre,ponderāvī,ponderātus,I
populō,populāre,populāvī,populātus,I
populor,populārī,populātus,,I
portendō,portendere,portendī,portentus,III
portō,portāre,portāvī,portātus,I
pōscō,pōscere,popōscī,,III
possideō,possidēre,sēdī,sessus,II
possīdō,possīdere,sēdī,sessus,III
posthabeō,posthabēre,posthabuī,posthabitus,II
postpōnō,postpōnere,postposuī,postpositus,III
postputō,postputāre,postputāvī,,I
postscrībō,postscrībere,postscrīpsī,,III
postulō,postulāre,postulāvī,postulātus,I
praebeō,praebēre,praebuī,praebitus,II
praebibō,praebibere,praebibī,,III
praecaveō,praecavēre,praecāvī,praecautus,II
praecēdō,praecēdere,praecessī,praecessus,III
praecīdō,praecīdere,praecīdī,cīsus,III
praecingō,praecingere,praenxī,praenctus,III
praecinō,praecinere,praecinuī,,III
praecipiō,praecipere,cēpī,ceptus,III
praecipitō,praecipitāre,praecipitāvī,praecipitātus,I
praeclūdō,praeclūdere,praeclūsī,praeclūsus,III
praedicō,praedicāre,praedicāvī,praedicātus,I
praedīcō,praedīcere,praedīxī,praedictus,III
praedor,praedārī,praedātus,,I
praedūcō,praedūcere,praedūxī,praeductus,III
praeficiō,praeficere,fēcī,fectus,III
praefīgō,praefīgere,praefīxī,praefīxus,III
praefīniō,praefīnīre,praefīnīvī,praeītus,IV
praefodiō,praefodere,praefōdī,,III
praefringō,praefringere,frēgī,frāctus,III
praefulciō,praefulcīre,,,IV
praegestiō,praegestīre,,,IV
praegredior,praegredī,gressus,,III
praegustō,praegustāre,praegustāvī,,I
praeiūdicō,praeiūdicāre,praeiūdicāvī,praeiūdicātus,I
praeiuvō,praeiuvāre,praeiūvī,,I
praelābor,praelābī,praelapsus,,III
praelūceō,praelūcēre,praelūxī,,II
praemeditor,praemeditārī,praemeditātus,,I
praemittō,praemittere,praemīsī,praemissus,III
praemōlior,praemōlīrī,,,IV
praemoneō,praemonēre,praemonuī,praemonitus,II
praemorior,praemorī,,,III
praemūniō,praemūnīre,praemūnīvī,praeītus,IV
praenārrō,praenārrāre,praenārrāvī,,I
praeniteō,praenitēre,praenituī,,II
praeoccupō,praeoccupāre,praeoccupāvī,praeoccupātus,I
praeoptō,praeoptāre,praeoptāvī,praeoptātus,I
praeparō,praeparāre,praeparāvī,praeparātus,I
praepediō,praepedīre,praepedīvī,ītus,IV
praepolleō,praepollere,praeluī,,III
praepōnō,praepōnere,praeposuī,praepositus,III
praerigēscō,praerigēscere,praerigēscuī,,III
praeripiō,praeripere,praeripuī,reptus,III
praesaepiō,praesaepīre,praepsī,praeptus,IV
praesāgiō,praesāgīre,praesāgīvī,,IV
praesciō,praescīre,praescīvī,,IV
praesecō,praesecāre,praecuī,praectus,I
praesentiō,praesentīre,praesēnsī,praesēnsus,IV
praesideō,praesidēre,sēdī,,II
praesonō,praesonāre,praesonuī,,I
praestituō,praestituere,praestituī,praestituūtus,III
praestōlor,praestōlārī,praestōlātus,,I
praestringō,praestringere,praeinxī,praeictus,III
praestruō,praestruere,praeūxī,praeūctus,III
praetendō,praetendere,praetendī,praetentus,III
praetepēscō,praetepēscere,praetepēscuī,,III
praetereō,īre,iī,itus,IV
praetergredior,praetergredī,gressus,,III
praeterlābor,praeterlābī,praeterlapsus,,III
praetermittō,praetermittere,praetermīsī,praetermissus,III
praetervehor,praetervehī,praetervectus,,III
praetexō,praetexere,praexuī,praextus,III
praevaleō,praevalēre,praevaluī,,II
praevāricor,praevāricārī,,,I
praevehor,praevehī,praevectus,,III
praeveniō,praevenīre,praevēnī,praeventus,IV
praevertō,praevertere,praevertī,,III
praevertor,praevertī,,,III
praevideō,praevidēre,praevīdī,praevīsus,II
praevolō,praevolāre,praevolāvī,,I
prandeō,prandēre,prandī,prānsus,II
precor,precārī,precātus,,I
prehendōandprēndo,prehendōandprēndere,prehendōandprēndī,prehendōandprēnsus,III
premō,premere,essī,essus,III
prēnsō,prēnsāre,prēnsāvī,prēnsātus,I
prīvō,prīvāre,prīvāvī,prīvātus,I
probō,probāre,probāvī,probātus,I
prōcēdō,prōcēdere,prōcessī,,III
prōcidō,prōcidere,prōcidī,,III
prōclāmō,prōclāmāre,prōclāmāvī,prōclāmātus,I
prōclīnō,prōclīnāre,prōclīnāvī,prōclīnātus,I
procor,procārī,,,I
prōcreō,prōcrāre,prōcrāvī,prōcrātus,I
prōcūdō,prōcūdere,prōcūdī,prōcūsus,III
prōculcō,prōculcāre,prōculcāvī,prōculcātus,I
prōcumbō,prōcumbere,cubuī,cubitum,III
prōcurrō,prōcurrcucurrīandcurrī,prōcursum,,III
prōdeō,īre,iī,itus,IV
prōdīcō,prōdīcere,prōdīxī,prōdictus,III
prōdigō,prōdigere,ēgī,,III
prōdō,prōdere,prōdidī,prōditus,III
prōdūcō,prōdūcere,prōdūxī,prōductus,III
proelior,proelārī,proelātus,,I
profānō,profānāre,profānāvī,profānātus,I
prōficiō,prōficere,fēcī,fectus,III
proficīscor,proficīscī,fectus,,III
profiteor,profitērī,fessus,,III
prōflīgō,prōflīgāre,prōflīgāvī,prōflīgātus,I
prōflō,prōflāre,prōflāvī,,I
prōfluō,prōfluere,prōfluxī,,III
profor,profārī,profātus,,I
profugiō,profugere,profūgī,,III
prōgīgnō,prōgīgnere,prōgenuī,,III
prōgredior,prōgredī,gressus,,III
prōiciō,prōicere,iēcī,iectus,III
prōlābor,prōlābī,prōlapsus,,III
prōloquor,prōloquī,prōcūtus,,III
prōlūdō,prōlūdere,prōlūsī,,III
prōluō,prōluere,prōluī,prōlūtus,III
prōmereō,prōmerēre,prōmeruī,,II
prōmereor,prōmerērī,prōmeritus,,III
prōmineō,prōminēre,prōminuī,,II
prōmō,prōmere,prōmpsī,prōmptus,III
prōmulgō,prōmulgāre,prōmulgāvī,prōmulgātus,I
prōnūntiō,prōnūntāre,prōnūntāvī,prōnūntātus,I
prōpāgō,prōpāgāre,prōpāgāvī,prōpāgātus,I
prōpellō,prōpellere,prōpulī,prōpulsus,III
properō,properāre,properāvī,properātus,I
prōpōnō,prōpōnere,prōposuī,prōpositus,III
prōpūgnō,prōpūgnāre,prōpūgnāvī,prōpūgnātus,I
prōrēpō,prōrēpere,prōrēpsī,,III
prōripiō,prōripere,prōpuī,prōreptus,III
prōrogō,prōrogāre,prōrogāvī,prōrogātus,I
prōrumpō,prōrumpere,prōrūpī,prōruptus,III
prōruō,prōruere,prōruī,prōrutus,III
prōscrībō,prōscrībere,prōscrīpsī,prōscrīptus,III
prōscrīpturiō,prōscrīpturīre,,,IV
prōsecō,prōsecāre,prōcuī,prōctus,I
prōsiliō,prōsilīre,prōsiluī,,IV
prōspectō,prōspectāre,prōspectāvī,prōspectātus,I
prōspeculor,prōspeculārī,prōspeculātus,,I
prōsperō,prōsperāre,prōsperāvī,prōsperātus,I
prōspiciō,prōspicere,ēxī,ectus,III
prōsternō,prōsternere,prōstrāvī,prōstrātus,III
prōstituō,prōstituere,prōstituī,prōstituūtus,III
prōstō,prōstāre,prōstitī,,I
prōtegō,prōtegere,prōtēxī,prōtēctus,III
prōterō,prōterere,,prōtrītus,III
prōterreō,prōterrēre,prōterruī,prōterritus,II
prōtraho,prōtrahere,prōtrāxī,prōtractus,III
prōtrūdō,prōtrūdere,prōtrūsī,prōtrūsus,III
prōturbō,prōturbāre,prōturbāvī,prōturbātus,I
prōveniō,prōvenīre,prōvēnī,prōventus,IV
prōvideō,prōvidēre,prōvīdī,prōvīsus,II
prōvīvō,prōvīvere,prōvīxī,,III
prōvocō,prōvocāre,prōvocāvī,prōvocātus,I
prōvolō,prōvolāre,prōvolāvī,,I
prōvolvō,prōvolvere,prōvolvī,prōvolūtus,III
prūriō,prūrīre,,,IV
psallō,psallī,,,III
pūbēscō,pūbēscere,buī,,III
pūblicō,pūblicāre,pūblicāvī,pūblicātus,I
pudeō,pudere,puduī,,III
pūgnō,pūgnāre,pūgnāvī,pūgnātus,I
pullulō,pullulāre,pullulāvī,pullulātus,I
pulsō,pulsāre,pulsāvī,pulsātus,I
pultō,pultāre,pultāvī,,I
pungō,pungere,pupugī,punctus,III
pūniō,pūnīre,pūnīvī,ītus,IV
pūnior,pūnīrī,ītus,,IV
pūrgō,pūrgāre,pūrgāvī,pūrgātus,I
pūtēscō,pūtēscere,pūtuī,,III
putrefaciō,putrefacere,fēcī,putrefactus,III
quadrō,quadrāre,quadrāvī,quadrātus,I
quaerō,quaerere,sīvī,sītus,III
quassō,quassāre,quassāvī,quassātus,I
quatefaciō,quatefacere,fēcī,,III
queō,quīre,quīvī,quitus,IV
queritor,queritārī,,,I
queror,querī,questus,,III
radiō,radāre,,,I
radior,radārī,,,I
rādō,rādere,rāsī,rāsus,III
raptō,raptāre,raptāvī,raptātus,I
ratiōcinor,ratiōcinārī,ratiōcinātus,,I
rebellō,rebellāre,rebellāvī,rebellātus,I
recalēscō,recalēscere,reluī,,III
recalfaciō,recalfacere,fēcī,,III
recandēscō,recandēscere,reduī,,III
recēdō,recēdere,recessī,recessus,III
recēnseō,recēnsēre,resuī,,II
receptō,receptāre,receptāvī,,I
recidō,recidere,reccidī,,III
recīdō,recīdere,recīdī,recīsus,III
recitō,recitāre,recitāvī,recitātus,I
reclāmō,reclāmāre,reclāmāvī,reclāmātus,I
reclīnō,reclīnāre,reclīnāvī,reclīnātus,I
reclūdō,reclūdere,reclūsī,reclūsus,III
recōgitō,recōgitāre,recōgitāvī,,I
recōgnōscō,recōgnōscere,regnōvī,regnitus,III
recolō,recolere,recoluī,recultus,III
reconciliō,reconcilāre,reconcilāvī,reconcilātus,I
recondō,recondere,redidī,reditus,III
reconligō,reconligere,relēgī,relectus,III
recoquō,recoquere,recoxī,recoctus,III
recordor,recordārī,recordātus,,I
recreō,recrāre,recrāvī,recrātus,I
recrēscō,recrēscere,recrēvī,,III
recrūdēscō,recrūdēscere,reduī,,III
recumbō,recumbere,cubuī,,III
recuperō,recuperāre,recuperāvī,recuperātus,I
recūrō,recūrāre,recūrāvī,,I
recurrō,recurrcurrī,,,III
redarguō,redarguere,redarguī,,III
reddō,reddere,reddidī,redditus,III
redigō,redigere,ēgī,āctus,III
redimō,redimere,ēmī,ēmptus,III
redintegrō,redintegrāre,redintegrāvī,redintegrātus,I
redoleō,redolēre,redoluī,,II
redōnō,redōnāre,redōnāvī,,I
redundō,redundāre,redundāvī,redundātus,I
refellō,refellere,refellī,,III
referciō,refercīre,refercsī,referctus,IV
referiō,referīre,,,IV
reficiō,reficere,fēcī,fectus,III
refīgō,refīgere,refīxī,refīxus,III
reflectō,reflectere,reflēxī,reflexus,III
reflō,reflāre,reflāvī,reflātus,I
refovēō,refovēēre,refōvī,,II
refrāgor,refrāgāre,,refrāgātus,I
refricō,refricāre,refricuī,,I
refrīgerō,refrīgerāre,refrīgerāvī,refrīgerātus,I
refrīgēscō,refrīgēscere,refrīxī,,III
refringō,refringere,frēgī,frāctus,III
refugiō,refugere,refūgī,,III
refulgeō,refulgēre,refulsī,,II
refundō,refundere,refūdī,refūsus,III
refūtō,refūtāre,refūtāvī,refūtātus,I
regerō,regerere,regessī,regestus,III
rēgnō,rēgnāre,rēgnāvī,rēgnātus,I
regō,regere,rēxī,rēctus,III
regredior,regredī,gressus,,III
relābor,relābī,relapsus,,III
relanguēscō,relanguēscere,reguī,,III
relaxō,relaxāre,relaxāvī,relaxātus,I
relēgō,relēgāre,relēgāvī,relēgātus,I
relegō,relegere,relēgī,relēctus,III
relevō,relevāre,relevāvī,relevātus,I
religō,religāre,religāvī,religātus,I
relinō,relinere,relēvī,,III
relinquo,relinquere,relīquī,relictus,III
relūceō,relūcēre,relūxī,,II
relūcēscō,relūcēscere,relūxī,,III
reluctor,reluctārī,reluctātus,,I
remaneō,remanēre,remānsī,,II
remeō,remāre,remāvī,,I
remētior,remētīrī,remēnsus,,IV
remigrō,remigrāre,remigrāvī,,I
reminīscor,reminīscī,,,III
remisceō,remiscēre,,remīxtus,II
remittō,remittere,remīsī,remissus,III
remōlior,remōlīrī,,,IV
remolliō,remollīre,,,IV
remoror,remorārī,remorātus,,I
remūgiō,remūgīre,,,IV
remūneror,remūnerārī,remūnerātus,,I
renāscor,renāscī,renāscātus,,III
renītor,renītī,,,III
renō,renāre,renāvī,,I
renovō,renovāre,renovāvī,renovātum,I
renūntiō,renūntāre,renūntāvī,renūntātus,I
renuō,renuere,renuī,,III
reor,rērī,ratus,,III
reparō,reparāre,reparāvī,reparātus,I
rependō,rependere,rependī,repēnsus,III
repetō,repetēre,repetīvī,reītus,II
replicō,replicāre,replicāvī,replicātus,I
rēpō,rēpere,rēpsī,rēptus,III
reportō,reportāre,reportāvī,reportātus,I
repraesentō,repraesentāre,repraesentāvī,repraesentātus,I
reprimō,reprimere,pressī,pressus,III
reprōmittō,reprōmittere,remīsī,,III
repudiō,repudāre,repudāvī,repudātus,I
repūgnō,repūgnāre,repūgnāvī,repūgnātus,I
repūrgō,repūrgāre,repūrgāvī,repūrgātus,I
reputō,reputāre,reputāvī,reputātus,I
requīrō,requīrere,sīvī,sītus,III
resaeviō,resaevīre,,,IV
resānēscō,resānēscere,renuī,,III
resarciō,resarcīre,,resartus,IV
rescindō,rescindere,rescidī,rescissus,III
rescrībō,rescrībere,rescrīpsī,rescrīptus,III
resecō,resecāre,recuī,rectus,I
reserō,reserāre,reserāvī,reserātus,I
reservō,reservāre,reservāvī,reservātus,I
resideō,residēre,sēdī,,II
resīdō,resīdere,resēdī,,III
resīgnō,resīgnāre,resīgnāvī,resīgnātus,I
resiliō,resilīre,resiluī,,IV
resistō,resistere,restitī,,III
resolvō,resolvere,resolvī,resolūtus,III
resonō,resonāre,resonāvī,,I
respergō,respergere,respersī,respersus,III
respiciō,respicere,spēxī,spectus,III
respīrō,respīrāre,respīrāvī,respīrātus,I
respondeō,respondēre,respondī,respōnsus,II
respuō,respuere,respuī,,III
restinguō,restinguere,renxī,renctus,III
restipulor,restipulārī,,,I
restituō,restituere,ūī,restituūtus,III
restō,restāre,restitī,,I
resūmō,resūmere,resūmpsī,resūmptus,III
resurgō,resurgere,resurrēxī,resurrēctus,III
retardō,retardāre,retardāvī,retardātus,I
retegō,retegere,retēxī,retēctus,III
retendō,retendere,retendī,retentus,III
retexō,retexere,rexuī,rextus,III
reticeō,reticēre,cuī,,II
retineō,retinēre,retinuī,tentus,II
retinniō,retinnīre,,,IV
retorqueō,retorquēre,retorqusī,retorqutus,II
retrāctō,retrāctāre,retrāctāvī,retrāctātus,I
retrahō,retrahere,retrāxī,retrāctus,III
retribuō,retribuere,retribuī,retribuūtus,III
retundō,retundere,rerettudī,retūsus,III
revalēscō,revalēscere,reluī,,III
revehō,revehere,revexī,revectus,III
revellō,revellere,revellī,revolsus,III
reveniō,revenīre,revēnī,,IV
revereor,reverērī,reveritus,,III
revinciō,revincīre,revinxī,revinctus,IV
revincō,revincere,revīcī,revīctus,III
revīvīscō,revīvīscere,revīxī,,III
revocō,revocāre,revocāvī,revocātus,I
revolvō,revolvere,revolvī,revolūtus,III
rīdeō,rīdēre,rīsī,rīsus,II
rigēscō,rigēscere,guī,,III
rīmor,rīmārī,rīmātus,,I
ringor,ringī,rictus,,III
rixor,rixārī,rixātus,,I
rōborō,rōborāre,rōborāvī,,I
rōdō,rōdere,rōsī,rōsus,III
rogitō,rogitāre,rogitāvī,,I
rōrō,rōrāre,rōrāvī,rōrātus,I
rotō,rotāre,rotāvī,rotātus,I
rotundō,rotundāre,rotundāvī,rotundātus,I
rubefaciō,rubefacere,fēcī,rubefactus,III
rubēscō,rubēscere,buī,,III
rūctō,rūctāre,rūctāvī,rūctātus,I
rūctor,rūctārī,,,I
rumpō,rumpere,rūpī,ruptus,III
rūsticor,rūsticārī,rūsticātus,,I
rutilō,rutilāre,rutilāvī,rutilātus,I
sacrō,sacrāre,sacrāvī,sacrātus,I
saeviō,saevīre,saeviī,ītus,IV
sagīnō,sagīnāre,sagīnāvī,sagīnātus,I
sāgiō,sāgīre,,,IV
saliō,salīre,saluī,saltus,IV
saltō,saltāre,saltāvī,saltātus,I
sanciō,sancīre,sānxī,sānctus,IV
sānō,sānāre,sānāvī,sānātus,I
sapiō,sapere,sapīvī,,III
sarciō,sarcīre,sarsī,sartus,IV
satiō,satāre,satāvī,satātus,I
satisfaciō,satisfacere,satisfēcī,satisfactus,III
saturō,saturāre,saturāvī,saturātus,I
sauciō,saucāre,saucāvī,saucātus,I
scalpō,scalpere,psī,ptus,III
scīscitor,scīscitārī,scīscitātus,,I
scīscō,scīscere,scīscīvī,scīscītus,III
scītor,scītārī,scītātus,,I
scortor,scortārī,,,I
scrībō,scrībere,scrīpsī,scrīptus,III
scrīptitō,scrīptitāre,scrīptitāvī,scrīptitātus,I
scrūtor,scrūtārī,scrūtātus,,I
sculpō,sculpere,psī,ptus,III
scurror,scurrārī,,,I
sēcēdō,sēcēdere,sēcessī,sēcessus,III
sēcernō,sēcernere,sēcrēvī,sēcrētus,III
sēclūdō,sēclūdere,sēclūsī,sēclūsus,III
secō,secāre,cuī,ctus,I
sector,sectārī,sectātus,,I
sedeō,sedēre,sēdī,sessum,II
sēdō,sēdāre,sēdāvī,sēdātus,I
sēdūcō,sēdūcere,sēdūxī,sēductus,III
sēgregō,sēgregāre,sēgregāvī,sēgregātus,I
sēiungō,sēiungere,sēiūnxī,sēiūnctus,III
sēligō,sēligere,lēgī,lēctus,III
sēmigrō,sēmigrāre,sēmigrāvī,,I
sēmoveō,sēmovēre,sēmovī,sēmōtus,II
senēscō,senēscere,nuī,,III
sēparō,sēparāre,sēparāvī,sēparātus,I
sēpōnō,sēpōnere,sēposuī,sēpositus,III
sermōcinor,sermōcinārī,sermōcinātus,,I
serō,serere,sēvī,satus,III
serpō,serpere,psī,ptus,III
servō,servāre,servāvī,servātus,I
sessitō,sessitāre,sessitāvī,,I
siccō,siccāre,siccāvī,siccātus,I
sīgnificō,sīgnificāre,sīgnificāvī,sīgnificātus,I
sīgnō,sīgnāre,sīgnāvī,sīgnātus,I
sileō,silēre,siluī,,II
sinuō,sinuāre,sinuāvī,sinuātus,I
sistō,sistere,sistitī,sistatus,III
sitiō,sitīre,sitīvī,,IV
sociō,socāre,socāvī,socātus,I
sollicitō,sollicitāre,sollicitāvī,sollicitātus,I
sōlor,sōlārī,sōlātus,,I
somniō,somnāre,somnāvī,somnātus,I
sōpiō,sōpīre,sōpīvī,ītus,IV
sorbeō,sorbēre,sorbuī,,II
sortior,sortīrī,ītus,,IV
spargō,spargere,sparsī,sparsus,III
spatior,spatārī,spatātus,,I
spectō,spectāre,spectāvī,spectātus,I
speculor,speculārī,speculātus,,I
spernō,spernere,sprēvī,sprētus,III
spernor,spernārī,,,I
spērō,spērāre,spērāvī,spērātus,I
spīrō,spīrāre,spīrāvī,spīrātus,I
spoliō,spolāre,spolāvī,spolātus,I
spondeō,spondēre,spopondī,spōnsus,II
spūmō,spūmāre,spūmāvī,spūmātus,I
spuō,spuere,spuī,spuūtus,III
squāleō,squālēre,squāluī,,II
stabulor,stabulārī,stabulātus,,I
stāgnō,stāgnāre,stāgnāvī,stāgnātus,I
statuō,statuere,statuī,statuūtus,III
sternō,sternere,strāvī,strātus,III
stīllō,stīllāre,stīllāvī,stīllātus,I
stimulō,stimulāre,stimulāvī,stimulātus,I
stīpō,stīpāre,stīpāvī,stīpātus,I
stipulor,stipulārī,stipulātus,,I
stomachor,stomachārī,stomachātus,,I
strangulō,strangulāre,strangulāvī,strangulātus,I
strepō,strepere,strepuī,,III
stringō,stringere,inxī,ictus,III
struō,struere,strūxī,strūctus,III
studeō,studēre,studuī,,II
stupefaciō,stupefacere,fēcī,stupefactus,III
stupeō,stupēre,stupuī,,II
stuprō,stuprāre,stuprāvī,stuprātus,I
suādeō,suādēre,suāsī,suāsus,II
suāvior,suāvārī,,,I
subdō,subdere,subdidī,subditus,III
subedō,subedere,subēdī,,III
subigō,subigere,ēgī,āctus,III
subinvītō,subinvītāre,subinvītāvī,,I
subīrāscor,subīrāscī,subīrāscātus,,III
subiungō,subiungere,subiūnxī,subiūnctus,III
sublābor,sublābī,sublapsus,,III
sublegō,sublegere,sublēgī,sublēctus,III
sublevō,sublevāre,sublevāvī,sublevātus,I
submergō,submergere,submersī,submersus,III
subministrō,subministrāre,subministrāvī,subministrātus,I
submittō,submittere,submīsī,submissus,III
submoneō,submonēre,submonuī,,II
subnāscor,subnāscī,subnātus,,III
subnegō,subnegāre,subnegāvī,,I
subōrnō,subōrnāre,subōrnāvī,subōrnātus,I
subrīdeō,subrīdēre,subrīsī,,II
subringor,subringī,,,III
subruō,subruere,subruī,subutus,III
subscrībō,subscrībere,subīpsī,subīptus,III
subsecō,subsecāre,subcuī,subctus,I
subsentiō,subsentīre,subsēnsī,,IV
subsequor,subsequī,subcūtus,,III
subserviō,subservīre,,,IV
subsīdō,subsīdere,subsēdī,subsessus,III
subsiliō,subsilīre,subsiluī,,IV
subsistō,subsistere,substitī,,III
subsortior,subsortīrī,subtītus,,IV
substernō,substernere,substrāvī,substrātus,III
substituō,substituere,substituī,substituūtus,III
substringō,substringere,subinxī,subictus,III
subterfugiō,subterfugere,subterfūgī,,III
subterlābor,subterlābī,,,III
subtexō,subtexere,subxuī,,III
subtrahō,subtrahere,subtrāxī,subtrāctus,III
subvehō,subvehere,subvexī,subvectus,III
subveniō,subvenīre,subvēnī,subventus,IV
subvereor,subverērī,,,III
subvertō,subvertere,subvertī,subversus,III
succēdō,succēdere,cessī,cessus,III
succendō,succendere,succendī,cēnsus,III
succidō,succidere,succidī,,III
succīdō,succīdere,succīdī,cīsus,III
succingō,succingere,nxī,nctus,III
succlāmō,succlāmāre,succlāmāvī,succlāmātus,I
succumbō,succumbere,cubuī,,III
succurrō,succurrcurrī,cursus,,III
sūdō,sūdāre,sūdāvī,sūdātus,I
sufficiō,sufficere,fēcī,fectus,III
suffīgō,suffīgere,,fīxus,III
suffiō,suffīre,,ītus,IV
suffōcō,suffōcāre,suffōcāvī,,I
suffodiō,suffodere,suffōdī,fossus,III
suffrāgor,suffrāgārī,suffrāgātus,,I
suffundō,suffundere,fūdī,fūsus,III
suggerō,suggerere,gessī,gestus,III
suggredior,suggredī,gressus,,III
sūgō,sūgere,sūxī,,III
sulcō,sulcāre,sulcāvī,,I
sullāturiō,sullāturīre,,,IV
sūmō,sūmere,sūmpsī,sūmptus,III
suō,suere,suī,sūtus,III
superbiō,superbīre,,,IV
superfundō,superfundere,superfūdī,superfūsus,III
supergredior,supergredī,gressus,,III
superiaciō,superiacere,superiēcī,superiectus,III
superincumbō,superincumbere,cubuī,,III
superiniciō,superinicere,superiēcī,superiectus,III
superīnsternō,superīnsternere,superstrāvī,,III
superō,superāre,superāvī,superātus,I
superobruō,superobruere,superobruī,,III
supersedeō,supersedēre,supersēdī,supersessum,II
superstāgnō,superstāgnāre,superstāgnāvī,,I
superstō,superstāre,superstetī,,I
superstruō,superstruere,superstrūxī,,III
supervehor,supervehī,supervectus,,III
superveniō,supervenīre,supervēnī,superventus,IV
supervolitō,supervolitāre,supervolitāvī,,I
suppeditō,suppeditāre,suppeditāvī,suppeditātus,I
suppetior,suppetārī,suppetātus,,I
suppetō,suppetere,suppetīvī,ītus,III
suppleō,supplēre,supplēvī,supplētus,II
supplicō,supplicāre,supplicāvī,supplicātus,I
supplōdō,supplōdere,supplōsī,,III
supportō,supportāre,supportāvī,,I
supprimō,supprimere,pressī,pressus,III
suscēnseō,suscēnsēre,suī,,II
suscipiō,suscipere,cēpī,ceptus,III
suscitō,suscitāre,suscitāvī,suscitātus,I
suspendō,suspendere,suspendī,suspensus,III
suspiciō,suspicere,spēxī,spectus,III
suspicor,suspicārī,suspicātus,,I
suspīrō,suspīrāre,suspīrāvī,suspīrātus,I
sustentō,sustentāre,sustentāvī,sustentātus,I
sustineō,sustinēre,sustinuī,tentus,II
tābēscō,tābēscere,buī,,III
taceō,tacēre,cuī,citus,II
tangō,tangere,tetigī,tāctus,III
tardō,tardāre,tardāvī,tardātus,I
tegō,tegere,tēxī,tēctus,III
temerō,temerāre,temerāvī,temerātus,I
temperō,temperāre,temperāvī,temperātus,I
temptō,temptāre,temptāvī,temptātus,I
teneō,tenēre,tenuī,,II
tenuō,tenuāre,tenuāvī,tenuātus,I
tepefaciō,tepefacere,fēcī,tepefactus,III
tergeō,tergēre,tersī,tersus,II
tergiversor,tergiversārī,,,I
terminō,termināre,termināvī,terminātus,I
terreō,terrēre,terruī,territus,II
testificor,testificārī,testificātus,,I
testor,testārī,testātus,,I
texō,texere,xuī,xtus,III
timeō,timēre,timuī,,II
tingō,tingere,tinxī,tinctus,III
tinniō,tinnīre,,,IV
titubō,titubāre,titubāvī,titubātus,I
tolerō,tolerāre,tolerāvī,tolerātus,I
tollō,tollere,sustulī,sublātus,III
tondeō,tondēre,totondī,tōnsus,II
tonō,tonāre,tonuī,,I
tornō,tornāre,tornāvī,tornātus,I
torpēscō,torpēscere,puī,,III
torreō,torrēre,torruī,tōstus,II
tractō,tractāre,tractāvī,tractātus,I
trānō,trānāre,trānāvī,,I
trānsabeō,trānsabīre,trānsabiī,,IV
trānsadigō,trānsadigere,trānsēgī,trānsāctus,III
trānscendō,trānscendere,trānscendī,,III
trānscrībō,trānscrībere,īpsī,īptus,III
trānscurrō,trānscurrcurrī,trānscursus,,III
trānsfīgō,trānsfīgere,trānsfīxī,trānsfīxus,III
trānsfodiō,trānsfodere,trānsfōdī,trānsfossus,III
trānsfōrmō,trānsfōrmāre,trānsfōrmāvī,trānsfōrmātus,I
trānsfugiō,trānsfugere,trānsfūgī,,III
trānsfundō,trānsfundere,trānsfūdī,,III
trānsgredior,trānsgredī,gressus,,III
trānsigō,trānsigere,ēgī,āctus,III
trānsiliō,trānsilīre,trānsiluī,,IV
trānsmittō,trānsmittere,trānsmīsī,trānsmissus,III
trānspōnō,trānspōnere,posuī,,III
trānsportō,trānsportāre,trānsportāvī,trānsportātus,I
trānsvehō,trānsvehere,trānsvēxī,trānsvectus,III
tremefaciō,tremefacere,fēcī,tremefactus,III
tremō,tremere,tremuī,,III
trepidō,trepidāre,trepidāvī,trepidātus,I
tribuō,tribuere,tribuī,tribuūtus,III
trīcor,trīcārī,trīcātus,,I
triumphō,triumphāre,triumphāvī,triumphātus,I
trucīdō,trucīdāre,trucīdāvī,trucīdātus,I
trūdō,trūdere,trūsī,trūsus,III
truncō,truncāre,truncāvī,truncātus,I
tueor,tuērī,tūtus,,III
tumefaciō,tumefacere,fēcī,tumefactus,III
tumēscō,tumēscere,muī,,III
tumulō,tumulāre,tumulāvī,tumulātus,I
tumultuor,tumultuārī,tumultuātus,,I
tundō,tundere,tutudī,tūnsus,III
turpō,turpāre,turpāvī,turpātus,I
tussiō,tussīre,,,IV
tūtor,tūtārī,tūtātus,,I
ulcīscor,ulcīscī,ūltus,,III
ululō,ululāre,ululāvī,ululātus,I
ungō,ungere,unxī,ūnctus,III
urgueō,urguēre,ursī,,II
ūrīnor,ūrīnārī,,,I
ūrō,ūrere,ūssī,ūstus,III
ūsūrpō,ūsūrpāre,ūsūrpāvī,ūsūrpātus,I
vacillō,vacillāre,vacillāvī,vacillātus,I
vacō,vacāre,vacāvī,vacātus,I
vacuēfaciō,vacuēfacere,fēcī,vacuēfactus,III
vador,vadārī,vadātus,,I
vāgiō,vāgīre,vāgiī,,IV
vagor,vagārī,vagātus,,I
valeō,valēre,valuī,,II
vāllō,vāllāre,vāllāvī,vāllātus,I
vāpulō,vāpulāre,vāpulāvī,,I
variō,varāre,varāvī,varātus,I
vāstō,vāstāre,vāstāvī,vāstātus,I
vāticinor,vāticinārī,vāticinātus,,I
vehō,vehere,vexī,vectus,III
vēlificor,vēlificārī,vēlificātus,,I
vēlō,vēlāre,vēlāvī,vēlātus,I
vēnditō,vēnditāre,vēnditāvī,,I
veneror,venerārī,venerātus,,I
ventitō,ventitāre,ventitāvī,,I
verberō,verberāre,verberāvī,verberātus,I
verēcundor,verēcundārī,,,I
vereor,verērī,veritus,,III
versō,versāre,versāvī,versātus,I
vertō,vertere,vertī,versus,III
vēscor,vēscī,,,III
vexō,vexāre,vexāvī,vexātus,I
vibrō,vibrāre,vibrāvī,vibrātus,I
videō,vidēre,vīdī,vīsus,II
viduō,viduāre,viduāvī,viduātus,I
vigeō,vigēre,viguī,,II
vigilō,vigilāre,vigilāvī,vigilātus,I
vinciō,vincīre,vinxī,vinctus,IV
vincō,vincere,vīcī,vīctus,III
vindicō,vindicāre,vindicāvī,vindicātus,I
violō,violāre,violāvī,violātus,I
viridor,viridārī,,,I
vīsitō,vīsitāre,vīsitāvī,,I
vīsō,vīsere,vīsī,vīsus,III
vitiō,vitāre,vitāvī,vitātus,I
vītō,vītāre,vītāvī,vītātus,I
vituperō,vituperāre,vituperāvī,,I
vōciferor,vōciferārī,vōciferātus,,I
vocitō,vocitāre,vocitāvī,vocitātus,I
vocō,vocāre,vocāvī,vocātus,I
volgō,volgāre,volgāvī,volgātus,I
volitō,volitāre,volitāvī,volitātus,I
volnerō,volnerāre,volnerāvī,volnerātus,I
volō,volāre,volāvī,,I
volūtō,volūtāre,volūtāvī,volūtātus,I
volvō,volvere,volvī,volūtus,III
vomō,vomere,vomuī,vomitus,III
vorō,vorāre,vorāvī,vorātus,I
voveō,vovēre,vōvī,vōtus,II
